slug,city_name,country_name,country_code,lat,lon,timezone,population,geonameid,kind,label
city_ad_andorra_la_vella,Andorra la Vella,Andorra,AD,42.50779,1.52109,Europe/Andorra,20430,3041563,city,"Andorra la Vella, Andorra"
city_ad_les_escaldes,les Escaldes,Andorra,AD,42.50729,1.53414,Europe/Andorra,15853,3040051,city,"les Escaldes, Andorra"
city_ad_encamp,Encamp,Andorra,AD,42.53474,1.58014,Europe/Andorra,11223,3040686,city,"Encamp, Andorra"
city_ae_dubai,Dubai,United Arab Emirates,AE,25.07725,55.30927,Asia/Dubai,3790000,292223,city,"Dubai, United Arab Emirates"
city_ae_abu_dhabi,Abu Dhabi,United Arab Emirates,AE,24.45118,54.39696,Asia/Dubai,1807000,292968,city,"Abu Dhabi, United Arab Emirates"
city_ae_sharjah,Sharjah,United Arab Emirates,AE,25.33420,55.41221,Asia/Dubai,1800000,292672,city,"Sharjah, United Arab Emirates"
city_af_kabul,Kabul,Afghanistan,AF,34.52813,69.17233,Asia/Kabul,4434550,1138958,city,"Kabul, Afghanistan"
city_af_her_t,Herāt,Afghanistan,AF,34.34817,62.19967,Asia/Kabul,574300,1140026,city,"Herāt, Afghanistan"
city_af_maz_r_e_shar_f,Mazār-e Sharīf,Afghanistan,AF,36.70904,67.11087,Asia/Kabul,523300,1133616,city,"Mazār-e Sharīf, Afghanistan"
city_ag_saint_john_s,Saint John’s,Antigua and Barbuda,AG,17.12096,-61.84329,America/Antigua,24226,3576022,city,"Saint John’s, Antigua and Barbuda"
city_ag_all_saints,All Saints,Antigua and Barbuda,AG,17.06671,-61.79303,America/Antigua,2526,3576397,city,"All Saints, Antigua and Barbuda"
city_ag_piggotts,Piggotts,Antigua and Barbuda,AG,17.11667,-61.80000,America/Antigua,1878,3576057,city,"Piggotts, Antigua and Barbuda"
city_ai_the_valley,The Valley,Anguilla,AI,18.21704,-63.05783,America/Anguilla,2035,3573374,city,"The Valley, Anguilla"
city_ai_blowing_point_village,Blowing Point Village,Anguilla,AI,18.17648,-63.09375,America/Anguilla,942,3573496,city,"Blowing Point Village, Anguilla"
city_ai_sandy_hill,Sandy Hill,Anguilla,AI,18.22104,-63.01329,America/Anguilla,879,11205445,city,"Sandy Hill, Anguilla"
city_al_tirana,Tirana,Albania,AL,41.32744,19.81866,Europe/Tirane,418495,3183875,city,"Tirana, Albania"
city_al_durr_s,Durrës,Albania,AL,41.32355,19.45469,Europe/Tirane,195920,3185728,city,"Durrës, Albania"
city_al_vlor,Vlorë,Albania,AL,40.46960,19.48379,Europe/Tirane,115261,3183719,city,"Vlorë, Albania"
city_am_yerevan,Yerevan,Armenia,AM,40.17765,44.51260,Asia/Yerevan,1144700,616052,city,"Yerevan, Armenia"
city_am_malatia_sebastia,Malatia-Sebastia,Armenia,AM,40.17396,44.44570,Asia/Yerevan,150500,7670934,city,"Malatia-Sebastia, Armenia"
city_am_shengavit,Shengavit,Armenia,AM,40.15570,44.47790,Asia/Yerevan,140600,11111027,city,"Shengavit, Armenia"
city_ao_luanda,Luanda,Angola,AO,-8.83682,13.23432,Africa/Luanda,2776168,2240449,city,"Luanda, Angola"
city_ao_lubango,Lubango,Angola,AO,-14.91717,13.49250,Africa/Luanda,600751,3347762,city,"Lubango, Angola"
city_ao_huambo,Huambo,Angola,AO,-12.77611,15.73917,Africa/Luanda,595304,3348313,city,"Huambo, Angola"
city_ar_buenos_aires,Buenos Aires,Argentina,AR,-34.61315,-58.37723,America/Argentina/Buenos_Aires,2891082,3435910,city,"Buenos Aires, Argentina"
city_ar_c_rdoba,Córdoba,Argentina,AR,-31.40648,-64.18853,America/Argentina/Cordoba,2106734,3860259,city,"Córdoba, Argentina"
city_ar_rosario,Rosario,Argentina,AR,-32.94682,-60.63932,America/Argentina/Cordoba,948312,3838583,city,"Rosario, Argentina"
city_as_pago_pago,Pago Pago,American Samoa,AS,-14.27806,-170.70250,Pacific/Pago_Pago,11500,5881576,city,"Pago Pago, American Samoa"
city_as_t_funa,Tāfuna,American Samoa,AS,-14.33583,-170.72000,Pacific/Pago_Pago,7988,5881192,city,"Tāfuna, American Samoa"
city_as_nu_uuli,Nu‘uuli,American Samoa,AS,-14.31583,-170.69750,Pacific/Pago_Pago,5000,5881535,city,"Nu‘uuli, American Samoa"
city_at_vienna,Vienna,Austria,AT,48.20849,16.37208,Europe/Vienna,1691468,2761369,city,"Vienna, Austria"
city_at_graz,Graz,Austria,AT,47.06733,15.44197,Europe/Vienna,303270,2778067,city,"Graz, Austria"
city_at_linz,Linz,Austria,AT,48.30639,14.28611,Europe/Vienna,204846,2772400,city,"Linz, Austria"
city_au_sydney,Sydney,Australia,AU,-33.86785,151.20732,Australia/Sydney,5557233,2147714,city,"Sydney, Australia"
city_au_melbourne,Melbourne,Australia,AU,-37.81400,144.96332,Australia/Melbourne,5350705,2158177,city,"Melbourne, Australia"
city_au_brisbane,Brisbane,Australia,AU,-27.46794,153.02809,Australia/Brisbane,2780063,2174003,city,"Brisbane, Australia"
city_au_perth,Perth,Australia,AU,-31.95224,115.86140,Australia/Perth,2309338,2063523,city,"Perth, Australia"
city_au_canberra,Canberra,Australia,AU,-35.28346,149.12807,Australia/Sydney,367752,2172517,city,"Canberra, Australia"
city_aw_oranjestad,Oranjestad,Aruba,AW,12.52398,-70.02703,America/Aruba,29998,3577154,city,"Oranjestad, Aruba"
city_aw_noord,Noord,Aruba,AW,12.56596,-70.03198,America/Aruba,24193,3577159,city,"Noord, Aruba"
city_aw_tanki_leendert,Tanki Leendert,Aruba,AW,12.53914,-70.02004,America/Aruba,21500,3577072,city,"Tanki Leendert, Aruba"
city_ax_mariehamn,Mariehamn,Aland Islands,AX,60.09726,19.93481,Europe/Mariehamn,10682,3041732,city,"Mariehamn, Aland Islands"
city_ax_ytterby,Ytterby,Aland Islands,AX,60.16667,20.01667,Europe/Mariehamn,6384,630705,city,"Ytterby, Aland Islands"
city_ax_yomala,Yomala,Aland Islands,AX,60.16689,19.93341,Europe/Mariehamn,5789,13527044,city,"Yomala, Aland Islands"
city_az_baku,Baku,Azerbaijan,AZ,40.37767,49.89201,Asia/Baku,1116513,587084,city,"Baku, Azerbaijan"
city_az_sumqay_t,Sumqayıt,Azerbaijan,AZ,40.58972,49.66861,Asia/Baku,358675,584923,city,"Sumqayıt, Azerbaijan"
city_az_ganja,Ganja,Azerbaijan,AZ,40.68157,46.36134,Asia/Baku,335600,586523,city,"Ganja, Azerbaijan"
city_ba_sarajevo,Sarajevo,Bosnia and Herzegovina,BA,43.84864,18.35644,Europe/Sarajevo,696731,3191281,city,"Sarajevo, Bosnia and Herzegovina"
city_ba_banja_luka,Banja Luka,Bosnia and Herzegovina,BA,44.77879,17.20629,Europe/Sarajevo,221106,3204541,city,"Banja Luka, Bosnia and Herzegovina"
city_ba_zenica,Zenica,Bosnia and Herzegovina,BA,44.20169,17.90397,Europe/Sarajevo,164423,3186573,city,"Zenica, Bosnia and Herzegovina"
city_bb_bridgetown,Bridgetown,Barbados,BB,13.10732,-59.62021,America/Barbados,98511,3374036,city,"Bridgetown, Barbados"
city_bb_white_hill,White Hill,Barbados,BB,13.21373,-59.58111,America/Barbados,5139,3373419,city,"White Hill, Barbados"
city_bb_speightstown,Speightstown,Barbados,BB,13.25072,-59.64396,America/Barbados,3634,3373505,city,"Speightstown, Barbados"
city_bd_dhaka,Dhaka,Bangladesh,BD,23.71040,90.40744,Asia/Dhaka,10356500,1185241,city,"Dhaka, Bangladesh"
city_bd_chattogram,Chattogram,Bangladesh,BD,22.33840,91.83168,Asia/Dhaka,3920222,1205733,city,"Chattogram, Bangladesh"
city_bd_gazipur,Gazipur,Bangladesh,BD,23.99844,90.42234,Asia/Dhaka,2674697,1200109,city,"Gazipur, Bangladesh"
city_be_brussels,Brussels,Belgium,BE,50.85045,4.34878,Europe/Brussels,1019022,2800866,city,"Brussels, Belgium"
city_be_antwerpen,Antwerpen,Belgium,BE,51.22047,4.40026,Europe/Brussels,529247,2803138,city,"Antwerpen, Belgium"
city_be_gent,Gent,Belgium,BE,51.05000,3.71667,Europe/Brussels,265086,2797656,city,"Gent, Belgium"
city_bf_ouagadougou,Ouagadougou,Burkina Faso,BF,12.36566,-1.53388,Africa/Ouagadougou,2415266,2357048,city,"Ouagadougou, Burkina Faso"
city_bf_bobo_dioulasso,Bobo-Dioulasso,Burkina Faso,BF,11.18064,-4.29489,Africa/Ouagadougou,904920,2362344,city,"Bobo-Dioulasso, Burkina Faso"
city_bf_koudougou,Koudougou,Burkina Faso,BF,12.25188,-2.36694,Africa/Ouagadougou,160239,2358946,city,"Koudougou, Burkina Faso"
city_bg_sofia,Sofia,Bulgaria,BG,42.69751,23.32415,Europe/Sofia,1152556,727011,city,"Sofia, Bulgaria"
city_bg_plovdiv,Plovdiv,Bulgaria,BG,42.15387,24.75001,Europe/Sofia,329489,728193,city,"Plovdiv, Bulgaria"
city_bg_varna,Varna,Bulgaria,BG,43.21912,27.91024,Europe/Sofia,318737,726050,city,"Varna, Bulgaria"
city_bh_al_muharraq,Al Muharraq,Bahrain,BH,26.25722,50.61194,Asia/Bahrain,176583,290332,city,"Al Muharraq, Bahrain"
city_bh_manama,Manama,Bahrain,BH,26.22787,50.58565,Asia/Bahrain,147074,290340,city,"Manama, Bahrain"
city_bh_mad_nat_amad,Madīnat Ḩamad,Bahrain,BH,26.11528,50.50694,Asia/Bahrain,133550,290247,city,"Madīnat Ḩamad, Bahrain"
city_bi_bujumbura,Bujumbura,Burundi,BI,-3.38193,29.36142,Africa/Bujumbura,769317,425378,city,"Bujumbura, Burundi"
city_bi_gitega,Gitega,Burundi,BI,-3.42708,29.92463,Africa/Bujumbura,64904,426272,city,"Gitega, Burundi"
city_bi_ngozi,Ngozi,Burundi,BI,-2.90750,29.83060,Africa/Bujumbura,61716,430569,city,"Ngozi, Burundi"
city_bj_cotonou,Cotonou,Benin,BJ,6.36536,2.41833,Africa/Porto-Novo,679012,2394819,city,"Cotonou, Benin"
city_bj_abomey_calavi,Abomey-Calavi,Benin,BJ,6.44852,2.35566,Africa/Porto-Novo,385755,2395914,city,"Abomey-Calavi, Benin"
city_bj_porto_novo,Porto-Novo,Benin,BJ,6.49646,2.60359,Africa/Porto-Novo,264320,2392087,city,"Porto-Novo, Benin"
city_bl_gustavia,Gustavia,Saint Barthelemy,BL,17.89618,-62.84978,America/St_Barthelemy,5988,3579132,city,"Gustavia, Saint Barthelemy"
city_bm_pembroke_parish,Pembroke Parish,Bermuda,BM,32.30019,-64.79204,Atlantic/Bermuda,11160,8533871,city,"Pembroke Parish, Bermuda"
city_bm_warwick_parish,Warwick Parish,Bermuda,BM,32.26574,-64.80922,Atlantic/Bermuda,8615,13353869,city,"Warwick Parish, Bermuda"
city_bm_sandys_parish,Sandys Parish,Bermuda,BM,32.29637,-64.86931,Atlantic/Bermuda,7653,13353871,city,"Sandys Parish, Bermuda"
city_bm_hamilton,Hamilton,Bermuda,BM,32.29490,-64.78303,Atlantic/Bermuda,902,3573197,city,"Hamilton, Bermuda"
city_bn_bandar_seri_begawan,Bandar Seri Begawan,Brunei,BN,4.89035,114.94006,Asia/Brunei,64409,1820906,city,"Bandar Seri Begawan, Brunei"
city_bn_sengkurong,Sengkurong,Brunei,BN,4.88333,114.83333,Asia/Brunei,40972,1820575,city,"Sengkurong, Brunei"
city_bn_mentiri,Mentiri,Brunei,BN,4.97058,115.02078,Asia/Brunei,39324,1820635,city,"Mentiri, Brunei"
city_bo_la_paz,La Paz,Bolivia,BO,-16.50000,-68.15000,America/La_Paz,2004652,3911925,city,"La Paz, Bolivia"
city_bo_santa_cruz_de_la_sierra,Santa Cruz de la Sierra,Bolivia,BO,-17.78629,-63.18117,America/La_Paz,1831434,3904906,city,"Santa Cruz de la Sierra, Bolivia"
city_bo_cochabamba,Cochabamba,Bolivia,BO,-17.38195,-66.15995,America/La_Paz,841276,3919968,city,"Cochabamba, Bolivia"
city_bo_sucre,Sucre,Bolivia,BO,-19.03332,-65.26274,America/La_Paz,224838,3903987,city,"Sucre, Bolivia"
city_bq_kralendijk,Kralendijk,"Bonaire, Saint Eustatius and Saba",BQ,12.15000,-68.26667,America/Kralendijk,10620,3513563,city,"Kralendijk, Bonaire, Saint Eustatius and Saba"
city_bq_dorp_antriol,Dorp Antriol,"Bonaire, Saint Eustatius and Saba",BQ,12.16631,-68.27042,America/Kralendijk,3811,3513768,city,"Dorp Antriol, Bonaire, Saint Eustatius and Saba"
city_bq_dorp_nikiboko,Dorp Nikiboko,"Bonaire, Saint Eustatius and Saba",BQ,12.14444,-68.26121,America/Kralendijk,3475,3513767,city,"Dorp Nikiboko, Bonaire, Saint Eustatius and Saba"
city_br_s_o_paulo,São Paulo,Brazil,BR,-23.54750,-46.63611,America/Sao_Paulo,12400232,3448439,city,"São Paulo, Brazil"
city_br_rio_de_janeiro,Rio de Janeiro,Brazil,BR,-22.90642,-43.18223,America/Sao_Paulo,6747815,3451190,city,"Rio de Janeiro, Brazil"
city_br_belo_horizonte,Belo Horizonte,Brazil,BR,-19.92083,-43.93778,America/Sao_Paulo,2721564,3470127,city,"Belo Horizonte, Brazil"
city_br_salvador,Salvador,Brazil,BR,-12.97563,-38.49096,America/Bahia,2711840,3450554,city,"Salvador, Brazil"
city_br_fortaleza,Fortaleza,Brazil,BR,-3.71722,-38.54306,America/Fortaleza,2400000,3399415,city,"Fortaleza, Brazil"
city_br_manaus,Manaus,Brazil,BR,-3.10194,-60.02500,America/Manaus,2219580,3663517,city,"Manaus, Brazil"
city_br_bras_lia,Brasília,Brazil,BR,-15.77972,-47.92972,America/Sao_Paulo,2207718,3469058,city,"Brasília, Brazil"
city_bs_nassau,Nassau,Bahamas,BS,25.05823,-77.34306,America/Nassau,227940,3571824,city,"Nassau, Bahamas"
city_bs_lucaya,Lucaya,Bahamas,BS,26.53333,-78.66667,America/Nassau,46525,3571971,city,"Lucaya, Bahamas"
city_bs_freeport,Freeport,Bahamas,BS,26.53333,-78.70000,America/Nassau,26910,3572375,city,"Freeport, Bahamas"
city_bt_thimphu,Thimphu,Bhutan,BT,27.46609,89.64191,Asia/Thimphu,98676,1252416,city,"Thimphu, Bhutan"
city_bt_phuntsholing,Phuntsholing,Bhutan,BT,26.85164,89.38837,Asia/Thimphu,27658,1252484,city,"Phuntsholing, Bhutan"
city_bt_tsirang,Tsirang,Bhutan,BT,27.02190,90.12291,Asia/Thimphu,22376,1252608,city,"Tsirang, Bhutan"
city_bw_gaborone,Gaborone,Botswana,BW,-24.65451,25.90859,Africa/Gaborone,246325,933773,city,"Gaborone, Botswana"
city_bw_francistown,Francistown,Botswana,BW,-21.17000,27.50778,Africa/Gaborone,103417,933778,city,"Francistown, Botswana"
city_bw_mogoditshane,Mogoditshane,Botswana,BW,-24.62694,25.86556,Africa/Gaborone,88004,933331,city,"Mogoditshane, Botswana"
city_by_minsk,Minsk,Belarus,BY,53.90019,27.56653,Europe/Minsk,1742124,625144,city,"Minsk, Belarus"
city_by_homyel,Homyel',Belarus,BY,52.43450,30.97540,Europe/Minsk,501102,627907,city,"Homyel', Belarus"
city_by_hrodna,Hrodna,Belarus,BY,53.67580,23.82887,Europe/Minsk,361115,627904,city,"Hrodna, Belarus"
city_bz_belize_city,Belize City,Belize,BZ,17.49952,-88.19756,America/Belize,65222,3582677,city,"Belize City, Belize"
city_bz_san_pedro,San Pedro,Belize,BZ,17.91598,-87.96590,America/Belize,17429,3581164,city,"San Pedro, Belize"
city_bz_orange_walk,Orange Walk,Belize,BZ,18.08124,-88.56328,America/Belize,15298,3581514,city,"Orange Walk, Belize"
city_bz_belmopan,Belmopan,Belize,BZ,17.25376,-88.76401,America/Belize,13381,3582672,city,"Belmopan, Belize"
city_ca_toronto,Toronto,Canada,CA,43.70643,-79.39864,America/Toronto,2794356,6167865,city,"Toronto, Canada"
city_ca_montr_al,Montréal,Canada,CA,45.50884,-73.58781,America/Toronto,1762949,6077243,city,"Montréal, Canada"
city_ca_calgary,Calgary,Canada,CA,51.05011,-114.08529,America/Edmonton,1306784,5913490,city,"Calgary, Canada"
city_ca_ottawa,Ottawa,Canada,CA,45.41117,-75.69812,America/Toronto,1017449,6094817,city,"Ottawa, Canada"
city_cc_west_island,West Island,Cocos Islands,CC,-12.15681,96.82251,Indian/Cocos,120,7304591,city,"West Island, Cocos Islands"
city_cd_kinshasa,Kinshasa,Democratic Republic of the Congo,CD,-4.32758,15.31357,Africa/Kinshasa,16000000,2314302,city,"Kinshasa, Democratic Republic of the Congo"
city_cd_lubumbashi,Lubumbashi,Democratic Republic of the Congo,CD,-11.66089,27.47938,Africa/Lubumbashi,2221925,922704,city,"Lubumbashi, Democratic Republic of the Congo"
city_cd_mbuji_mayi,Mbuji-Mayi,Democratic Republic of the Congo,CD,-6.13603,23.58979,Africa/Lubumbashi,2101332,209228,city,"Mbuji-Mayi, Democratic Republic of the Congo"
city_cf_bangui,Bangui,Central African Republic,CF,4.36122,18.55496,Africa/Bangui,812407,2389853,city,"Bangui, Central African Republic"
city_cf_bimbo,Bimbo,Central African Republic,CF,4.25671,18.41583,Africa/Bangui,348802,2388873,city,"Bimbo, Central African Republic"
city_cf_b_goua,Bégoua,Central African Republic,CF,4.45437,18.53475,Africa/Bangui,264067,2389422,city,"Bégoua, Central African Republic"
city_cg_brazzaville,Brazzaville,Republic of the Congo,CG,-4.26613,15.28318,Africa/Brazzaville,1982000,2260535,city,"Brazzaville, Republic of the Congo"
city_cg_pointe_noire,Pointe-Noire,Republic of the Congo,CG,-4.77609,11.86352,Africa/Brazzaville,1032000,2255414,city,"Pointe-Noire, Republic of the Congo"
city_cg_dolisie,Dolisie,Republic of the Congo,CG,-4.19834,12.66664,Africa/Brazzaville,121000,2258261,city,"Dolisie, Republic of the Congo"
city_ch_z_rich,Zürich,Switzerland,CH,47.36667,8.55000,Europe/Zurich,415367,2657896,city,"Zürich, Switzerland"
city_ch_gen_ve,Genève,Switzerland,CH,46.20222,6.14569,Europe/Zurich,201741,2660646,city,"Genève, Switzerland"
city_ch_basel,Basel,Switzerland,CH,47.55839,7.57327,Europe/Zurich,177595,2661604,city,"Basel, Switzerland"
city_ch_bern,Bern,Switzerland,CH,46.94809,7.44744,Europe/Zurich,121631,2661552,city,"Bern, Switzerland"
city_ci_abidjan,Abidjan,Ivory Coast,CI,5.35444,-4.00167,Africa/Abidjan,6321017,2293538,city,"Abidjan, Ivory Coast"
city_ci_abobo,Abobo,Ivory Coast,CI,5.41613,-4.01590,Africa/Abidjan,1340083,2293521,city,"Abobo, Ivory Coast"
city_ci_bouak,Bouaké,Ivory Coast,CI,7.69385,-5.03031,Africa/Abidjan,832371,2290956,city,"Bouaké, Ivory Coast"
city_ci_yamoussoukro,Yamoussoukro,Ivory Coast,CI,6.82055,-5.27674,Africa/Abidjan,275686,2279755,city,"Yamoussoukro, Ivory Coast"
city_ck_avarua,Avarua,Cook Islands,CK,-21.20750,-159.77546,Pacific/Rarotonga,13373,4035715,city,"Avarua, Cook Islands"
city_ck_matavera,Matavera,Cook Islands,CK,-21.22444,-159.73333,Pacific/Rarotonga,979,4036498,city,"Matavera, Cook Islands"
city_cl_santiago,Santiago,Chile,CL,-33.45694,-70.64827,America/Santiago,4837295,3871336,city,"Santiago, Chile"
city_cl_puente_alto,Puente Alto,Chile,CL,-33.61169,-70.57577,America/Santiago,568106,3875024,city,"Puente Alto, Chile"
city_cl_maip,Maipú,Chile,CL,-33.51421,-70.76510,America/Santiago,503635,3880980,city,"Maipú, Chile"
city_cm_douala,Douala,Cameroon,CM,4.04827,9.70428,Africa/Douala,1338082,2232593,city,"Douala, Cameroon"
city_cm_yaound,Yaoundé,Cameroon,CM,3.86667,11.51667,Africa/Douala,1299369,2220957,city,"Yaoundé, Cameroon"
city_cm_bamenda,Bamenda,Cameroon,CM,5.95970,10.14597,Africa/Douala,420445,2234974,city,"Bamenda, Cameroon"
city_cn_shanghai,Shanghai,China,CN,31.22222,121.45806,Asia/Shanghai,24874500,1796236,city,"Shanghai, China"
city_cn_beijing,Beijing,China,CN,39.90750,116.39723,Asia/Shanghai,18960744,1816670,city,"Beijing, China"
city_cn_shenzhen,Shenzhen,China,CN,22.54554,114.06830,Asia/Shanghai,17494398,1795565,city,"Shenzhen, China"
city_cn_guangzhou,Guangzhou,China,CN,23.11667,113.25000,Asia/Shanghai,16096724,1809858,city,"Guangzhou, China"
city_cn_chengdu,Chengdu,China,CN,30.66667,104.06667,Asia/Shanghai,13568357,1815286,city,"Chengdu, China"
city_cn_tianjin,Tianjin,China,CN,39.14222,117.17667,Asia/Shanghai,11090314,1792947,city,"Tianjin, China"
city_cn_wuhan,Wuhan,China,CN,30.58333,114.26667,Asia/Shanghai,10392693,1791247,city,"Wuhan, China"
city_cn_dongguan,Dongguan,China,CN,23.01797,113.74866,Asia/Shanghai,9644871,1812545,city,"Dongguan, China"
city_cn_xi_an,Xi’an,China,CN,34.25833,108.92861,Asia/Shanghai,9600000,1790630,city,"Xi’an, China"
city_cn_nanjing,Nanjing,China,CN,32.06167,118.77778,Asia/Shanghai,9314685,1799962,city,"Nanjing, China"
city_cn_hangzhou,Hangzhou,China,CN,30.29365,120.16142,Asia/Shanghai,9236032,1808926,city,"Hangzhou, China"
city_cn_foshan,Foshan,China,CN,23.02677,113.13148,Asia/Shanghai,9042509,1811103,city,"Foshan, China"
city_cn_chongqing,Chongqing,China,CN,29.56026,106.55771,Asia/Shanghai,7457599,1814906,city,"Chongqing, China"
city_cn_qingdao,Qingdao,China,CN,36.06488,120.38042,Asia/Shanghai,7172451,1797929,city,"Qingdao, China"
city_cn_shenyang,Shenyang,China,CN,41.79222,123.43278,Asia/Shanghai,7050000,2034937,city,"Shenyang, China"
city_cn_suzhou,Suzhou,China,CN,31.30408,120.59538,Asia/Shanghai,6715559,1886760,city,"Suzhou, China"
city_cn_harbin,Harbin,China,CN,45.75000,126.65000,Asia/Shanghai,5242897,2037013,city,"Harbin, China"
city_cn_hefei,Hefei,China,CN,31.86389,117.28083,Asia/Shanghai,5050000,1808722,city,"Hefei, China"
city_cn_dalian,Dalian,China,CN,38.91222,121.60222,Asia/Shanghai,4913879,1814087,city,"Dalian, China"
city_cn_changchun,Changchun,China,CN,43.88000,125.32278,Asia/Shanghai,4714996,2038180,city,"Changchun, China"
city_cn_xiamen,Xiamen,China,CN,24.47979,118.08187,Asia/Shanghai,4617251,1790645,city,"Xiamen, China"
city_cn_bao_an,Bao'an,China,CN,22.55213,113.88288,Asia/Shanghai,4476554,13308620,city,"Bao'an, China"
city_cn_wuxi,Wuxi,China,CN,31.56887,120.28857,Asia/Shanghai,4396835,1790923,city,"Wuxi, China"
city_cn_jinan,Jinan,China,CN,36.66833,116.99722,Asia/Shanghai,4335989,1805753,city,"Jinan, China"
city_cn_taiyuan,Taiyuan,China,CN,37.86944,112.56028,Asia/Shanghai,4303673,1793511,city,"Taiyuan, China"
city_cn_zhengzhou,Zhengzhou,China,CN,34.75778,113.64861,Asia/Shanghai,4253913,1784658,city,"Zhengzhou, China"
city_cn_shijiazhuang,Shijiazhuang,China,CN,38.04139,114.47861,Asia/Shanghai,3938513,1795270,city,"Shijiazhuang, China"
city_cn_kunming,Kunming,China,CN,25.03889,102.71833,Asia/Shanghai,3855346,1804651,city,"Kunming, China"
city_cn_zhongshan,Zhongshan,China,CN,22.52306,113.37912,Asia/Shanghai,3841873,6986104,city,"Zhongshan, China"
city_cn_nanning,Nanning,China,CN,22.81667,108.31667,Asia/Shanghai,3839800,1799869,city,"Nanning, China"
city_cn_shantou,Shantou,China,CN,23.35489,116.67876,Asia/Shanghai,3838900,1795940,city,"Shantou, China"
city_cn_fuzhou,Fuzhou,China,CN,26.06139,119.30611,Asia/Shanghai,3740000,1810821,city,"Fuzhou, China"
city_cn_ningbo,Ningbo,China,CN,29.87819,121.54945,Asia/Shanghai,3731203,1799397,city,"Ningbo, China"
city_cn_puyang,Puyang,China,CN,29.45679,119.88872,Asia/Shanghai,3590000,1798425,city,"Puyang, China"
city_cn_shiyan,Shiyan,China,CN,32.64750,110.77806,Asia/Shanghai,3460000,1794903,city,"Shiyan, China"
city_cn_tangshan,Tangshan,China,CN,39.64381,118.18319,Asia/Shanghai,3372102,1793346,city,"Tangshan, China"
city_cn_l_liang,Lüliang,China,CN,37.51920,111.14436,Asia/Shanghai,3346500,13512505,city,"Lüliang, China"
city_cn_changzhou,Changzhou,China,CN,31.77359,119.95401,Asia/Shanghai,3290918,1815456,city,"Changzhou, China"
city_cn_zibo,Zibo,China,CN,36.79056,118.06333,Asia/Shanghai,3129228,1785286,city,"Zibo, China"
city_cn_changsha,Changsha,China,CN,28.19874,112.97087,Asia/Shanghai,3093980,1815577,city,"Changsha, China"
city_cn_guiyang,Guiyang,China,CN,26.58333,106.71667,Asia/Shanghai,3037159,1809461,city,"Guiyang, China"
city_cn_r_mqi,Ürümqi,China,CN,43.80096,87.60046,Asia/Urumqi,3029372,1529102,city,"Ürümqi, China"
city_cn_lanzhou,Lanzhou,China,CN,36.05701,103.83987,Asia/Shanghai,3000000,1804430,city,"Lanzhou, China"
city_cn_huizhou,Huizhou,China,CN,23.11147,114.41523,Asia/Shanghai,2900113,1806776,city,"Huizhou, China"
city_cn_haikou,Haikou,China,CN,20.03421,110.34651,Asia/Shanghai,2873358,1809078,city,"Haikou, China"
city_cn_linyi,Linyi,China,CN,35.06306,118.34278,Asia/Shanghai,2743843,1803318,city,"Linyi, China"
city_cn_baoding,Baoding,China,CN,38.87288,115.46246,Asia/Shanghai,2739887,1816971,city,"Baoding, China"
city_cn_wenzhou,Wenzhou,China,CN,27.99942,120.66682,Asia/Shanghai,2650000,1791388,city,"Wenzhou, China"
city_cn_yunfu,Yunfu,China,CN,22.92787,112.03809,Asia/Shanghai,2612800,1785725,city,"Yunfu, China"
city_cn_huai_an,Huai'an,China,CN,33.58861,119.01917,Asia/Shanghai,2494013,1797873,city,"Huai'an, China"
city_cn_nanchang,Nanchang,China,CN,28.68396,115.85306,Asia/Shanghai,2357839,1800163,city,"Nanchang, China"
city_cn_hohhot,Hohhot,China,CN,40.81056,111.65222,Asia/Shanghai,2350000,2036892,city,"Hohhot, China"
city_cn_shaoxing,Shaoxing,China,CN,30.00237,120.57864,Asia/Shanghai,2300000,1795855,city,"Shaoxing, China"
city_cn_nantong,Nantong,China,CN,32.03028,120.87472,Asia/Shanghai,2273326,1799722,city,"Nantong, China"
city_cn_yantai,Yantai,China,CN,37.47649,121.44081,Asia/Shanghai,2227733,1787093,city,"Yantai, China"
city_cn_zhuhai,Zhuhai,China,CN,22.27694,113.56778,Asia/Shanghai,2207090,1790437,city,"Zhuhai, China"
city_cn_baotou,Baotou,China,CN,40.65160,109.84389,Asia/Shanghai,2150000,2038432,city,"Baotou, China"
city_cn_qingyang,Qingyang,China,CN,35.70976,107.64455,Asia/Shanghai,2125400,12359313,city,"Qingyang, China"
city_cn_kunshan,Kunshan,China,CN,31.37762,120.95431,Asia/Shanghai,2092496,1785623,city,"Kunshan, China"
city_cn_weifang,Weifang,China,CN,36.71000,119.10194,Asia/Shanghai,2044028,1791681,city,"Weifang, China"
city_cn_zunyi,Zunyi,China,CN,27.68667,106.90722,Asia/Shanghai,2037775,1783621,city,"Zunyi, China"
city_cn_lianyungang,Lianyungang,China,CN,34.59845,119.21556,Asia/Shanghai,2001009,10859300,city,"Lianyungang, China"
city_co_bogot,Bogotá,Colombia,CO,4.60971,-74.08175,America/Bogota,7674366,3688689,city,"Bogotá, Colombia"
city_co_cali,Cali,Colombia,CO,3.43054,-76.51990,America/Bogota,2392877,3687925,city,"Cali, Colombia"
city_co_medell_n,Medellín,Colombia,CO,6.24500,-75.57151,America/Bogota,1999979,3674962,city,"Medellín, Colombia"
city_cr_san_jos,San José,Costa Rica,CR,9.93388,-84.08489,America/Costa_Rica,335007,3621849,city,"San José, Costa Rica"
city_cr_lim_n,Limón,Costa Rica,CR,9.99074,-83.03596,America/Costa_Rica,63081,3622247,city,"Limón, Costa Rica"
city_cr_san_francisco,San Francisco,Costa Rica,CR,9.99380,-84.12742,America/Costa_Rica,55923,3621911,city,"San Francisco, Costa Rica"
city_cu_havana,Havana,Cuba,CU,23.13302,-82.38304,America/Havana,2163824,3553478,city,"Havana, Cuba"
city_cu_santiago_de_cuba,Santiago de Cuba,Cuba,CU,20.02287,-75.82171,America/Havana,555865,3536729,city,"Santiago de Cuba, Cuba"
city_cu_camag_ey,Camagüey,Cuba,CU,21.38083,-77.91694,America/Havana,347562,3566067,city,"Camagüey, Cuba"
city_cv_praia,Praia,Cabo Verde,CV,14.93152,-23.51254,Atlantic/Cape_Verde,137868,3374333,city,"Praia, Cabo Verde"
city_cv_mindelo,Mindelo,Cabo Verde,CV,16.89014,-24.98042,Atlantic/Cape_Verde,69013,3374462,city,"Mindelo, Cabo Verde"
city_cv_espargos,Espargos,Cabo Verde,CV,16.75524,-22.94460,Atlantic/Cape_Verde,24500,8521418,city,"Espargos, Cabo Verde"
city_cw_willemstad,Willemstad,Curacao,CW,12.12246,-68.88641,America/Curacao,125000,3513090,city,"Willemstad, Curacao"
city_cw_bandariba,Bandariba,Curacao,CW,12.09257,-68.83092,America/Curacao,20838,13308487,city,"Bandariba, Curacao"
city_cw_bandabou,Bandabou,Curacao,CW,12.27177,-69.06533,America/Curacao,13125,13308488,city,"Bandabou, Curacao"
city_cx_flying_fish_cove,Flying Fish Cove,Christmas Island,CX,-10.42172,105.67912,Indian/Christmas,500,2078127,city,"Flying Fish Cove, Christmas Island"
city_cy_nicosia,Nicosia,Cyprus,CY,35.17284,33.35397,Asia/Nicosia,200452,146268,city,"Nicosia, Cyprus"
city_cy_limassol,Limassol,Cyprus,CY,34.68406,33.03794,Asia/Nicosia,154000,146384,city,"Limassol, Cyprus"
city_cy_larnaca,Larnaca,Cyprus,CY,34.92210,33.62794,Asia/Nicosia,72000,146400,city,"Larnaca, Cyprus"
city_cz_prague,Prague,Czechia,CZ,50.08804,14.42076,Europe/Prague,1165581,3067696,city,"Prague, Czechia"
city_cz_brno,Brno,Czechia,CZ,49.19522,16.60796,Europe/Prague,379466,3078610,city,"Brno, Czechia"
city_cz_ostrava,Ostrava,Czechia,CZ,49.83465,18.28204,Europe/Prague,279791,3068799,city,"Ostrava, Czechia"
city_de_berlin,Berlin,Germany,DE,52.52437,13.41053,Europe/Berlin,3426354,2950159,city,"Berlin, Germany"
city_de_hamburg,Hamburg,Germany,DE,53.55073,9.99302,Europe/Berlin,1845229,2911298,city,"Hamburg, Germany"
city_de_munich,Munich,Germany,DE,48.13743,11.57549,Europe/Berlin,1260391,2867714,city,"Munich, Germany"
city_dj_djibouti,Djibouti,Djibouti,DJ,11.58901,43.14503,Africa/Djibouti,626512,223817,city,"Djibouti, Djibouti"
city_dj_ali_sabih,Ali Sabih,Djibouti,DJ,11.15583,42.71250,Africa/Djibouti,50006,225284,city,"Ali Sabih, Djibouti"
city_dj_dikhil,Dikhil,Djibouti,DJ,11.10454,42.36971,Africa/Djibouti,32801,223890,city,"Dikhil, Djibouti"
city_dk_copenhagen,Copenhagen,Denmark,DK,55.67594,12.56553,Europe/Copenhagen,1153615,2618425,city,"Copenhagen, Denmark"
city_dk_rhus,Århus,Denmark,DK,56.15674,10.21076,Europe/Copenhagen,285273,2624652,city,"Århus, Denmark"
city_dk_odense,Odense,Denmark,DK,55.39594,10.38831,Europe/Copenhagen,180863,2615876,city,"Odense, Denmark"
city_dm_roseau,Roseau,Dominica,DM,15.30174,-61.38808,America/Dominica,16571,3575635,city,"Roseau, Dominica"
city_dm_portsmouth,Portsmouth,Dominica,DM,15.58288,-61.45592,America/Dominica,3633,3575654,city,"Portsmouth, Dominica"
city_dm_marigot,Marigot,Dominica,DM,15.53743,-61.28200,America/Dominica,2669,3575721,city,"Marigot, Dominica"
city_do_santo_domingo,Santo Domingo,Dominican Republic,DO,18.47186,-69.89232,America/Santo_Domingo,2201941,3492908,city,"Santo Domingo, Dominican Republic"
city_do_santiago_de_los_caballeros,Santiago de los Caballeros,Dominican Republic,DO,19.45036,-70.69085,America/Santo_Domingo,1200000,3492914,city,"Santiago de los Caballeros, Dominican Republic"
city_do_santo_domingo_oeste,Santo Domingo Oeste,Dominican Republic,DO,18.50000,-70.00000,America/Santo_Domingo,701269,7874116,city,"Santo Domingo Oeste, Dominican Republic"
city_dz_algiers,Algiers,Algeria,DZ,36.73225,3.08746,Africa/Algiers,2364230,2507480,city,"Algiers, Algeria"
city_dz_oran,Oran,Algeria,DZ,35.69906,-0.63588,Africa/Algiers,803329,2485926,city,"Oran, Algeria"
city_dz_constantine,Constantine,Algeria,DZ,36.36500,6.61472,Africa/Algiers,448028,2501152,city,"Constantine, Algeria"
city_ec_quito,Quito,Ecuador,EC,-0.22985,-78.52495,America/Guayaquil,2781641,3652462,city,"Quito, Ecuador"
city_ec_guayaquil,Guayaquil,Ecuador,EC,-2.19616,-79.88621,America/Guayaquil,2723665,3657509,city,"Guayaquil, Ecuador"
city_ec_cuenca,Cuenca,Ecuador,EC,-2.89530,-78.99630,America/Guayaquil,636996,3658666,city,"Cuenca, Ecuador"
city_ee_tallinn,Tallinn,Estonia,EE,59.43696,24.75353,Europe/Tallinn,394024,588409,city,"Tallinn, Estonia"
city_ee_tartu,Tartu,Estonia,EE,58.38062,26.72509,Europe/Tallinn,91407,588335,city,"Tartu, Estonia"
city_ee_narva,Narva,Estonia,EE,59.37722,28.19028,Europe/Tallinn,54409,590031,city,"Narva, Estonia"
city_eg_cairo,Cairo,Egypt,EG,30.06263,31.24967,Africa/Cairo,9606916,360630,city,"Cairo, Egypt"
city_eg_alexandria,Alexandria,Egypt,EG,31.20176,29.91582,Africa/Cairo,5263542,361058,city,"Alexandria, Egypt"
city_eg_giza,Giza,Egypt,EG,30.00944,31.20861,Africa/Cairo,4367343,360995,city,"Giza, Egypt"
city_eh_laayoune,Laayoune,Western Sahara,EH,27.14180,-13.18797,Africa/El_Aaiun,196331,2462881,city,"Laayoune, Western Sahara"
city_eh_dakhla,Dakhla,Western Sahara,EH,23.68477,-15.95798,Africa/El_Aaiun,75000,2463447,city,"Dakhla, Western Sahara"
city_eh_boujdour,Boujdour,Western Sahara,EH,26.13073,-14.48513,Africa/El_Aaiun,42651,2463029,city,"Boujdour, Western Sahara"
city_er_asmara,Asmara,Eritrea,ER,15.33805,38.93184,Africa/Asmara,563930,343300,city,"Asmara, Eritrea"
city_er_keren,Keren,Eritrea,ER,15.77792,38.45107,Africa/Asmara,74800,333287,city,"Keren, Eritrea"
city_er_himora,Himora,Eritrea,ER,14.30427,36.60601,Africa/Asmara,46100,334717,city,"Himora, Eritrea"
city_es_madrid,Madrid,Spain,ES,40.41650,-3.70256,Europe/Madrid,3255944,3117735,city,"Madrid, Spain"
city_es_barcelona,Barcelona,Spain,ES,41.38879,2.15899,Europe/Madrid,1686208,3128760,city,"Barcelona, Spain"
city_es_valencia,Valencia,Spain,ES,39.47391,-0.37966,Europe/Madrid,824340,2509954,city,"Valencia, Spain"
city_et_addis_ababa,Addis Ababa,Ethiopia,ET,9.02497,38.74689,Africa/Addis_Ababa,3860000,344979,city,"Addis Ababa, Ethiopia"
city_et_jijiga,Jijiga,Ethiopia,ET,9.35000,42.80000,Africa/Addis_Ababa,483000,333795,city,"Jijiga, Ethiopia"
city_et_gonder,Gonder,Ethiopia,ET,12.60000,37.46667,Africa/Addis_Ababa,466000,336014,city,"Gonder, Ethiopia"
city_fi_helsinki,Helsinki,Finland,FI,60.16952,24.93545,Europe/Helsinki,658864,658225,city,"Helsinki, Finland"
city_fi_espoo,Espoo,Finland,FI,60.20520,24.65220,Europe/Helsinki,323910,660158,city,"Espoo, Finland"
city_fi_tampere,Tampere,Finland,FI,61.49911,23.78712,Europe/Helsinki,260646,634963,city,"Tampere, Finland"
city_fj_nasinu,Nasinu,Fiji,FJ,-18.07051,178.51313,Pacific/Fiji,92043,8740209,city,"Nasinu, Fiji"
city_fj_suva,Suva,Fiji,FJ,-18.13683,178.42531,Pacific/Fiji,77366,2198148,city,"Suva, Fiji"
city_fj_lautoka,Lautoka,Fiji,FJ,-17.61686,177.45049,Pacific/Fiji,52500,2204506,city,"Lautoka, Fiji"
city_fk_stanley,Stanley,Falkland Islands,FK,-51.69382,-57.85701,Atlantic/Stanley,2213,3426691,city,"Stanley, Falkland Islands"
city_fm_weno,Weno,Micronesia,FM,7.44648,151.84135,Pacific/Chuuk,13856,2081114,city,"Weno, Micronesia"
city_fm_tofol,Tofol,Micronesia,FM,5.32479,163.00781,Pacific/Kosrae,9686,2081342,city,"Tofol, Micronesia"
city_fm_colonia,Colonia,Micronesia,FM,9.51638,138.12167,Pacific/Chuuk,7371,7648112,city,"Colonia, Micronesia"
city_fm_palikir,Palikir,Micronesia,FM,6.92477,158.16109,Pacific/Pohnpei,6942,2081986,city,"Palikir, Micronesia"
city_fo_t_rshavn,Tórshavn,Faroe Islands,FO,62.00973,-6.77164,Atlantic/Faroe,13200,2611396,city,"Tórshavn, Faroe Islands"
city_fo_klaksv_k,Klaksvík,Faroe Islands,FO,62.22655,-6.58901,Atlantic/Faroe,5013,2618795,city,"Klaksvík, Faroe Islands"
city_fo_hoyv_k,Hoyvík,Faroe Islands,FO,62.03407,-6.78127,Atlantic/Faroe,4618,2619693,city,"Hoyvík, Faroe Islands"
city_fr_paris,Paris,France,FR,48.85341,2.34880,Europe/Paris,2138551,2988507,city,"Paris, France"
city_fr_marseille,Marseille,France,FR,43.29695,5.38107,Europe/Paris,877215,2995469,city,"Marseille, France"
city_fr_lyon,Lyon,France,FR,45.74906,4.84789,Europe/Paris,520774,2996944,city,"Lyon, France"
city_fr_reims,Reims,France,FR,49.26526,4.02853,Europe/Paris,196565,2984114,city,"Reims, France"
city_fr_troyes,Troyes,France,FR,48.30073,4.08524,Europe/Paris,60785,2971549,city,"Troyes, France"
city_ga_libreville,Libreville,Gabon,GA,0.39241,9.45356,Africa/Libreville,846090,2399697,city,"Libreville, Gabon"
city_ga_port_gentil,Port-Gentil,Gabon,GA,-0.71933,8.78151,Africa/Libreville,164018,2396518,city,"Port-Gentil, Gabon"
city_ga_franceville,Franceville,Gabon,GA,-1.63333,13.58357,Africa/Libreville,132895,2400555,city,"Franceville, Gabon"
city_gb_london,London,United Kingdom,GB,51.50853,-0.12574,Europe/London,8961989,2643743,city,"London, United Kingdom"
city_gb_birmingham,Birmingham,United Kingdom,GB,52.48142,-1.89983,Europe/London,1157603,2655603,city,"Birmingham, United Kingdom"
city_gb_glasgow,Glasgow,United Kingdom,GB,55.86515,-4.25763,Europe/London,626410,2648579,city,"Glasgow, United Kingdom"
city_gd_saint_george_s,Saint George's,Grenada,GD,12.05288,-61.75226,America/Grenada,7500,3579925,city,"Saint George's, Grenada"
city_gd_gouyave,Gouyave,Grenada,GD,12.16462,-61.72965,America/Grenada,3378,3580279,city,"Gouyave, Grenada"
city_gd_grenville,Grenville,Grenada,GD,12.12278,-61.62498,America/Grenada,2476,3580236,city,"Grenville, Grenada"
city_ge_tbilisi,Tbilisi,Georgia,GE,41.69143,44.83412,Asia/Tbilisi,1049498,611717,city,"Tbilisi, Georgia"
city_ge_batumi,Batumi,Georgia,GE,41.64077,41.63060,Asia/Tbilisi,186949,615532,city,"Batumi, Georgia"
city_ge_kutaisi,Kutaisi,Georgia,GE,42.26791,42.69459,Asia/Tbilisi,135201,613607,city,"Kutaisi, Georgia"
city_gf_cayenne,Cayenne,French Guiana,GF,4.93810,-52.33455,America/Cayenne,61550,3382160,city,"Cayenne, French Guiana"
city_gf_matoury,Matoury,French Guiana,GF,4.84921,-52.32355,America/Cayenne,26350,3380965,city,"Matoury, French Guiana"
city_gf_saint_laurent_du_maroni,Saint-Laurent-du-Maroni,French Guiana,GF,5.50153,-54.02916,America/Cayenne,24287,3380387,city,"Saint-Laurent-du-Maroni, French Guiana"
city_gg_saint_peter_port,Saint Peter Port,Guernsey,GG,49.45981,-2.53527,Europe/Guernsey,16488,3042287,city,"Saint Peter Port, Guernsey"
city_gg_vale_parish,Vale Parish,Guernsey,GG,49.49440,-2.51790,Europe/Guernsey,9646,13527037,city,"Vale Parish, Guernsey"
city_gg_saint_sampson,Saint Sampson,Guernsey,GG,49.48389,-2.52333,Europe/Guernsey,8966,3042286,city,"Saint Sampson, Guernsey"
city_gh_kumasi,Kumasi,Ghana,GH,6.68848,-1.62443,Africa/Accra,2544530,2298890,city,"Kumasi, Ghana"
city_gh_accra,Accra,Ghana,GH,5.55602,-0.19690,Africa/Accra,1963264,2306104,city,"Accra, Ghana"
city_gh_tamale,Tamale,Ghana,GH,9.40079,-0.83930,Africa/Accra,464316,2294877,city,"Tamale, Ghana"
city_gi_gibraltar,Gibraltar,Gibraltar,GI,36.14474,-5.35257,Europe/Gibraltar,26544,2411585,city,"Gibraltar, Gibraltar"
city_gi_reclamation_areas,Reclamation Areas,Gibraltar,GI,36.14399,-5.35689,Europe/Gibraltar,13690,13527003,city,"Reclamation Areas, Gibraltar"
city_gi_south_district,South District,Gibraltar,GI,36.11397,-5.34657,Europe/Gibraltar,5380,13527007,city,"South District, Gibraltar"
city_gl_nuuk,Nuuk,Greenland,GL,64.18347,-51.72157,America/Nuuk,14798,3421319,city,"Nuuk, Greenland"
city_gl_sisimiut,Sisimiut,Greenland,GL,66.93946,-53.67350,America/Nuuk,5227,3419842,city,"Sisimiut, Greenland"
city_gl_ilulissat,Ilulissat,Greenland,GL,69.21981,-51.09861,America/Nuuk,4413,3423146,city,"Ilulissat, Greenland"
city_gm_serekunda,Serekunda,Gambia,GM,13.43833,-16.67806,Africa/Banjul,340000,2411989,city,"Serekunda, Gambia"
city_gm_brikama,Brikama,Gambia,GM,13.27136,-16.64944,Africa/Banjul,97233,2413753,city,"Brikama, Gambia"
city_gm_bununka_kunda,Bununka Kunda,Gambia,GM,13.42722,-16.68528,Africa/Banjul,66449,2413709,city,"Bununka Kunda, Gambia"
city_gm_banjul,Banjul,Gambia,GM,13.45274,-16.57803,Africa/Banjul,37274,2413876,city,"Banjul, Gambia"
city_gn_conakry,Conakry,Guinea,GN,9.53795,-13.67729,Africa/Conakry,1928389,2422465,city,"Conakry, Guinea"
city_gn_camayenne,Camayenne,Guinea,GN,9.53500,-13.68778,Africa/Conakry,1871242,2422488,city,"Camayenne, Guinea"
city_gn_nz_r_kor,Nzérékoré,Guinea,GN,7.75624,-8.81790,Africa/Conakry,226426,2416969,city,"Nzérékoré, Guinea"
city_gp_les_abymes,Les Abymes,Guadeloupe,GP,16.27300,-61.50507,America/Guadeloupe,53514,3578959,city,"Les Abymes, Guadeloupe"
city_gp_baie_mahault,Baie-Mahault,Guadeloupe,GP,16.26738,-61.58543,America/Guadeloupe,30837,3579767,city,"Baie-Mahault, Guadeloupe"
city_gp_le_gosier,Le Gosier,Guadeloupe,GP,16.20618,-61.49306,America/Guadeloupe,28698,3578978,city,"Le Gosier, Guadeloupe"
city_gp_basse_terre,Basse-Terre,Guadeloupe,GP,15.99714,-61.73214,America/Guadeloupe,11472,3579732,city,"Basse-Terre, Guadeloupe"
city_gq_bata,Bata,Equatorial Guinea,GQ,1.86391,9.76582,Africa/Malabo,173046,2310046,city,"Bata, Equatorial Guinea"
city_gq_malabo,Malabo,Equatorial Guinea,GQ,3.75578,8.78166,Africa/Malabo,155963,2309527,city,"Malabo, Equatorial Guinea"
city_gq_ebebiyin,Ebebiyin,Equatorial Guinea,GQ,2.15218,11.33013,Africa/Malabo,24831,2309332,city,"Ebebiyin, Equatorial Guinea"
city_gr_athens,Athens,Greece,GR,37.98376,23.72784,Europe/Athens,664046,264371,city,"Athens, Greece"
city_gr_thessalon_ki,Thessaloníki,Greece,GR,40.64072,22.93493,Europe/Athens,317778,734077,city,"Thessaloníki, Greece"
city_gr_p_tra,Pátra,Greece,GR,38.24620,21.73508,Europe/Athens,168034,255683,city,"Pátra, Greece"
city_gs_grytviken,Grytviken,South Georgia and the South Sandwich Islands,GS,-54.28111,-36.50920,Atlantic/South_Georgia,2,3426466,city,"Grytviken, South Georgia and the South Sandwich Islands"
city_gt_guatemala_city,Guatemala City,Guatemala,GT,14.64072,-90.51327,America/Guatemala,994938,3598132,city,"Guatemala City, Guatemala"
city_gt_villa_nueva,Villa Nueva,Guatemala,GT,14.52512,-90.58544,America/Guatemala,618397,3587902,city,"Villa Nueva, Guatemala"
city_gt_mixco,Mixco,Guatemala,GT,14.63077,-90.60711,America/Guatemala,465773,3592519,city,"Mixco, Guatemala"
city_gu_dededo_village,Dededo Village,Guam,GU,13.51777,144.83910,Pacific/Guam,44943,4043909,city,"Dededo Village, Guam"
city_gu_yigo_village,Yigo Village,Guam,GU,13.53605,144.88855,Pacific/Guam,20539,4038794,city,"Yigo Village, Guam"
city_gu_tamuning_tumon_harmon_village,Tamuning-Tumon-Harmon Village,Guam,GU,13.48773,144.78138,Pacific/Guam,19685,4038659,city,"Tamuning-Tumon-Harmon Village, Guam"
city_gu_hag_t_a,Hagåtña,Guam,GU,13.47567,144.74886,Pacific/Guam,1051,4044012,city,"Hagåtña, Guam"
city_gw_bissau,Bissau,Guinea-Bissau,GW,11.86357,-15.59767,Africa/Bissau,439704,2374775,city,"Bissau, Guinea-Bissau"
city_gw_gab,Gabú,Guinea-Bissau,GW,12.28000,-14.22222,Africa/Bissau,49371,2372532,city,"Gabú, Guinea-Bissau"
city_gw_bafat,Bafatá,Guinea-Bissau,GW,12.16583,-14.66167,Africa/Bissau,33502,2375254,city,"Bafatá, Guinea-Bissau"
city_gy_georgetown,Georgetown,Guyana,GY,6.80448,-58.15527,America/Guyana,235017,3378644,city,"Georgetown, Guyana"
city_gy_linden,Linden,Guyana,GY,6.00815,-58.30724,America/Guyana,44690,3377408,city,"Linden, Guyana"
city_gy_new_amsterdam,New Amsterdam,Guyana,GY,6.24924,-57.51578,America/Guyana,35039,3376762,city,"New Amsterdam, Guyana"
city_hk_hong_kong,Hong Kong,Hong Kong,HK,22.27832,114.17469,Asia/Hong_Kong,7396076,1819729,city,"Hong Kong, Hong Kong"
city_hk_new_territories,New Territories,Hong Kong,HK,22.42441,114.11095,Asia/Hong_Kong,3984077,12747063,city,"New Territories, Hong Kong"
city_hk_kowloon,Kowloon,Hong Kong,HK,22.31667,114.18333,Asia/Hong_Kong,2232339,1819609,city,"Kowloon, Hong Kong"
city_hn_tegucigalpa,Tegucigalpa,Honduras,HN,14.08180,-87.20681,America/Tegucigalpa,850848,3600949,city,"Tegucigalpa, Honduras"
city_hn_san_pedro_sula,San Pedro Sula,Honduras,HN,15.50585,-88.02588,America/Tegucigalpa,801259,3601782,city,"San Pedro Sula, Honduras"
city_hn_la_ceiba,La Ceiba,Honduras,HN,15.75971,-86.78221,America/Tegucigalpa,222055,3608248,city,"La Ceiba, Honduras"
city_hr_zagreb,Zagreb,Croatia,HR,45.81444,15.97798,Europe/Zagreb,663592,3186886,city,"Zagreb, Croatia"
city_hr_split,Split,Croatia,HR,43.50891,16.43915,Europe/Zagreb,149830,3190261,city,"Split, Croatia"
city_hr_rijeka,Rijeka,Croatia,HR,45.32673,14.44241,Europe/Zagreb,107964,3191648,city,"Rijeka, Croatia"
city_ht_port_au_prince,Port-au-Prince,Haiti,HT,18.54349,-72.33881,America/Port-au-Prince,1234742,3718426,city,"Port-au-Prince, Haiti"
city_ht_carrefour,Carrefour,Haiti,HT,18.54114,-72.39922,America/Port-au-Prince,442156,3728338,city,"Carrefour, Haiti"
city_ht_delmas,Delmas,Haiti,HT,18.54478,-72.30036,America/Port-au-Prince,382920,3726786,city,"Delmas, Haiti"
city_hu_budapest,Budapest,Hungary,HU,47.49835,19.04045,Europe/Budapest,1741041,3054643,city,"Budapest, Hungary"
city_hu_debrecen,Debrecen,Hungary,HU,47.53167,21.62444,Europe/Budapest,202402,721472,city,"Debrecen, Hungary"
city_hu_szeged,Szeged,Hungary,HU,46.25300,20.14824,Europe/Budapest,160766,715429,city,"Szeged, Hungary"
city_id_jakarta,Jakarta,Indonesia,ID,-6.21462,106.84513,Asia/Jakarta,8540121,1642911,city,"Jakarta, Indonesia"
city_id_surabaya,Surabaya,Indonesia,ID,-7.24917,112.75083,Asia/Jakarta,2874314,1625822,city,"Surabaya, Indonesia"
city_id_bekasi,Bekasi,Indonesia,ID,-6.23490,106.98960,Asia/Jakarta,2564940,1649378,city,"Bekasi, Indonesia"
city_id_bandung,Bandung,Indonesia,ID,-6.92222,107.60694,Asia/Jakarta,2444160,1650357,city,"Bandung, Indonesia"
city_id_medan,Medan,Indonesia,ID,3.58333,98.66667,Asia/Jakarta,2435252,1214520,city,"Medan, Indonesia"
city_id_depok,Depok,Indonesia,ID,-6.40000,106.81861,Asia/Jakarta,2145400,1645524,city,"Depok, Indonesia"
city_ie_dublin,Dublin,Ireland,IE,53.33306,-6.24889,Europe/Dublin,1024027,2964574,city,"Dublin, Ireland"
city_ie_south_dublin,South Dublin,Ireland,IE,53.29026,-6.34151,Europe/Dublin,278749,6697759,city,"South Dublin, Ireland"
city_ie_cork,Cork,Ireland,IE,51.89797,-8.47061,Europe/Dublin,190384,2965140,city,"Cork, Ireland"
city_il_jerusalem,Jerusalem,Israel,IL,31.76904,35.21633,Asia/Jerusalem,971800,281184,city,"Jerusalem, Israel"
city_il_tel_aviv,Tel Aviv,Israel,IL,32.08088,34.78057,Asia/Jerusalem,432892,293397,city,"Tel Aviv, Israel"
city_il_west_jerusalem,West Jerusalem,Israel,IL,31.78199,35.21961,Asia/Jerusalem,400000,7498240,city,"West Jerusalem, Israel"
city_im_douglas,Douglas,Isle of Man,IM,54.15000,-4.48333,Europe/Isle_of_Man,26218,3042237,city,"Douglas, Isle of Man"
city_im_ramsey,Ramsey,Isle of Man,IM,54.32273,-4.38526,Europe/Isle_of_Man,7845,3042192,city,"Ramsey, Isle of Man"
city_im_peel,Peel,Isle of Man,IM,54.22209,-4.69099,Europe/Isle_of_Man,5374,3042198,city,"Peel, Isle of Man"
city_in_mumbai,Mumbai,India,IN,19.07283,72.88261,Asia/Kolkata,12691836,1275339,city,"Mumbai, India"
city_in_delhi,Delhi,India,IN,28.65195,77.23149,Asia/Kolkata,11034555,1273294,city,"Delhi, India"
city_in_bengaluru,Bengaluru,India,IN,12.97194,77.59369,Asia/Kolkata,8495492,1277333,city,"Bengaluru, India"
city_in_hyderabad,Hyderabad,India,IN,17.38405,78.45636,Asia/Kolkata,6993262,1269843,city,"Hyderabad, India"
city_in_ahmedabad,Ahmedabad,India,IN,23.02579,72.58727,Asia/Kolkata,6357693,1279233,city,"Ahmedabad, India"
city_in_chennai,Chennai,India,IN,13.08784,80.27847,Asia/Kolkata,4681087,1264527,city,"Chennai, India"
city_in_kolkata,Kolkata,India,IN,22.56263,88.36304,Asia/Kolkata,4631392,1275004,city,"Kolkata, India"
city_in_surat,Surat,India,IN,21.19594,72.83023,Asia/Kolkata,4591246,1255364,city,"Surat, India"
city_in_pune,Pune,India,IN,18.51957,73.85535,Asia/Kolkata,3124458,1259229,city,"Pune, India"
city_in_jaipur,Jaipur,India,IN,26.91962,75.78781,Asia/Kolkata,3046163,1269515,city,"Jaipur, India"
city_in_kanpur,Kanpur,India,IN,26.46523,80.34975,Asia/Kolkata,2823249,1267995,city,"Kanpur, India"
city_in_navi_mumbai,Navi Mumbai,India,IN,19.03681,73.01582,Asia/Kolkata,2600000,6619347,city,"Navi Mumbai, India"
city_in_lucknow,Lucknow,India,IN,26.83928,80.92313,Asia/Kolkata,2472011,1264733,city,"Lucknow, India"
city_in_nagpur,Nagpur,India,IN,21.14631,79.08491,Asia/Kolkata,2405665,1262180,city,"Nagpur, India"
city_in_coimbatore,Coimbatore,India,IN,11.00555,76.96612,Asia/Kolkata,2136916,1273865,city,"Coimbatore, India"
city_in_new_delhi,New Delhi,India,IN,28.62137,77.21480,Asia/Kolkata,317797,1261481,city,"New Delhi, India"
city_in_jaisalmer,Jaisalmer,India,IN,26.91763,70.90387,Asia/Kolkata,67604,1269507,city,"Jaisalmer, India"
city_io_downtown,Downtown,British Indian Ocean Territory,IO,-7.26229,72.37676,Indian/Chagos,3000,7503195,city,"Downtown, British Indian Ocean Territory"
city_iq_baghdad,Baghdad,Iraq,IQ,33.34058,44.40088,Asia/Baghdad,7216000,98182,city,"Baghdad, Iraq"
city_iq_al_maw_il_al_jad_dah,Al Mawşil al Jadīdah,Iraq,IQ,36.33271,43.10555,Asia/Baghdad,2065597,99071,city,"Al Mawşil al Jadīdah, Iraq"
city_iq_al_ba_rah_al_qad_mah,Al Başrah al Qadīmah,Iraq,IQ,30.50316,47.81507,Asia/Baghdad,2015483,388349,city,"Al Başrah al Qadīmah, Iraq"
city_ir_tehran,Tehran,Iran,IR,35.69439,51.42151,Asia/Tehran,7153309,112931,city,"Tehran, Iran"
city_ir_mashhad,Mashhad,Iran,IR,36.29807,59.60567,Asia/Tehran,2307177,124665,city,"Mashhad, Iran"
city_ir_isfahan,Isfahan,Iran,IR,32.65246,51.67462,Asia/Tehran,1547164,418863,city,"Isfahan, Iran"
city_is_reykjav_k,Reykjavík,Iceland,IS,64.13548,-21.89541,Atlantic/Reykjavik,118918,3413829,city,"Reykjavík, Iceland"
city_is_k_pavogur,Kópavogur,Iceland,IS,64.11234,-21.91298,Atlantic/Reykjavik,37959,3415212,city,"Kópavogur, Iceland"
city_is_hafnarfj_r_ur,Hafnarfjörður,Iceland,IS,64.06710,-21.93774,Atlantic/Reykjavik,29971,3416706,city,"Hafnarfjörður, Iceland"
city_it_rome,Rome,Italy,IT,41.89193,12.51133,Europe/Rome,2318895,3169070,city,"Rome, Italy"
city_it_milan,Milan,Italy,IT,45.46427,9.18951,Europe/Rome,1371498,3173435,city,"Milan, Italy"
city_it_naples,Naples,Italy,IT,40.85216,14.26811,Europe/Rome,909048,3172394,city,"Naples, Italy"
city_je_saint_helier,Saint Helier,Jersey,JE,49.18804,-2.10491,Europe/Jersey,28000,3042091,city,"Saint Helier, Jersey"
city_je_trinity,Trinity,Jersey,JE,49.23408,-2.09272,Europe/Jersey,3156,6947753,city,"Trinity, Jersey"
city_je_saint_john,Saint John,Jersey,JE,49.24556,-2.13861,Europe/Jersey,3051,3042089,city,"Saint John, Jersey"
city_jm_kingston,Kingston,Jamaica,JM,17.99702,-76.79358,America/Jamaica,937700,3489854,city,"Kingston, Jamaica"
city_jm_new_kingston,New Kingston,Jamaica,JM,18.00747,-76.78319,America/Jamaica,583958,3489297,city,"New Kingston, Jamaica"
city_jm_spanish_town,Spanish Town,Jamaica,JM,17.99107,-76.95742,America/Jamaica,145018,3488465,city,"Spanish Town, Jamaica"
city_jo_amman,Amman,Jordan,JO,31.95522,35.94503,Asia/Amman,1275857,250441,city,"Amman, Jordan"
city_jo_zarqa,Zarqa,Jordan,JO,32.07275,36.08796,Asia/Amman,792665,250090,city,"Zarqa, Jordan"
city_jo_irbid,Irbid,Jordan,JO,32.55556,35.85000,Asia/Amman,569068,248946,city,"Irbid, Jordan"
city_jp_tokyo,Tokyo,Japan,JP,35.68950,139.69171,Asia/Tokyo,9733276,1850147,city,"Tokyo, Japan"
city_jp_yokohama,Yokohama,Japan,JP,35.43333,139.65000,Asia/Tokyo,3777491,1848354,city,"Yokohama, Japan"
city_jp_osaka,Osaka,Japan,JP,34.69379,135.50107,Asia/Tokyo,2753862,1853909,city,"Osaka, Japan"
city_jp_nagoya,Nagoya,Japan,JP,35.18147,136.90641,Asia/Tokyo,2332176,1856057,city,"Nagoya, Japan"
city_ke_nairobi,Nairobi,Kenya,KE,-1.28333,36.81667,Africa/Nairobi,4397073,184745,city,"Nairobi, Kenya"
city_ke_kakamega,Kakamega,Kenya,KE,0.28422,34.75229,Africa/Nairobi,1867579,195272,city,"Kakamega, Kenya"
city_ke_mombasa,Mombasa,Kenya,KE,-4.05466,39.66359,Africa/Nairobi,1208333,186301,city,"Mombasa, Kenya"
city_kg_bishkek,Bishkek,Kyrgyzstan,KG,42.87000,74.59000,Asia/Bishkek,900000,1528675,city,"Bishkek, Kyrgyzstan"
city_kg_osh,Osh,Kyrgyzstan,KG,40.52828,72.79850,Asia/Bishkek,322164,1527534,city,"Osh, Kyrgyzstan"
city_kg_jalal_abad,Jalal-Abad,Kyrgyzstan,KG,40.94498,72.99313,Asia/Bishkek,123239,1528249,city,"Jalal-Abad, Kyrgyzstan"
city_kh_phnom_penh,Phnom Penh,Cambodia,KH,11.56245,104.91601,Asia/Phnom_Penh,1573544,1821306,city,"Phnom Penh, Cambodia"
city_kh_takeo,Takeo,Cambodia,KH,10.99081,104.78498,Asia/Phnom_Penh,843931,1821940,city,"Takeo, Cambodia"
city_kh_siem_reap,Siem Reap,Cambodia,KH,13.36179,103.86056,Asia/Phnom_Penh,139458,1822214,city,"Siem Reap, Cambodia"
city_ki_tarawa,Tarawa,Kiribati,KI,1.32780,172.97696,Pacific/Tarawa,40311,2110257,city,"Tarawa, Kiribati"
city_ki_betio_village,Betio Village,Kiribati,KI,1.35797,172.92105,Pacific/Tarawa,12509,2110248,city,"Betio Village, Kiribati"
city_ki_bikenibeu_village,Bikenibeu Village,Kiribati,KI,1.36730,173.12415,Pacific/Tarawa,6170,7601774,city,"Bikenibeu Village, Kiribati"
city_km_moroni,Moroni,Comoros,KM,-11.70216,43.25506,Indian/Comoro,74749,921772,city,"Moroni, Comoros"
city_km_moutsamoudou,Moutsamoudou,Comoros,KM,-12.16672,44.39944,Indian/Comoro,26313,921753,city,"Moutsamoudou, Comoros"
city_km_fomboni,Fomboni,Comoros,KM,-12.28759,43.74344,Indian/Comoro,17291,921889,city,"Fomboni, Comoros"
city_kn_basseterre,Basseterre,Saint Kitts and Nevis,KN,17.29550,-62.72499,America/St_Kitts,12920,3575551,city,"Basseterre, Saint Kitts and Nevis"
city_kn_sandy_point_town,Sandy Point Town,Saint Kitts and Nevis,KN,17.35908,-62.84858,America/St_Kitts,3140,3575156,city,"Sandy Point Town, Saint Kitts and Nevis"
city_kn_fig_tree,Fig Tree,Saint Kitts and Nevis,KN,17.12623,-62.60265,America/St_Kitts,2922,3575423,city,"Fig Tree, Saint Kitts and Nevis"
city_kp_pyongyang,Pyongyang,North Korea,KP,39.03385,125.75432,Asia/Pyongyang,3222000,1871859,city,"Pyongyang, North Korea"
city_kp_hamh_ng,Hamhŭng,North Korea,KP,39.91833,127.53639,Asia/Pyongyang,559056,1877449,city,"Hamhŭng, North Korea"
city_kp_namp_o,Namp’o,North Korea,KP,38.73750,125.40778,Asia/Pyongyang,455000,1873757,city,"Namp’o, North Korea"
city_kr_seoul,Seoul,South Korea,KR,37.56600,126.97840,Asia/Seoul,10349312,1835848,city,"Seoul, South Korea"
city_kr_busan,Busan,South Korea,KR,35.10168,129.03004,Asia/Seoul,3343903,1838524,city,"Busan, South Korea"
city_kr_incheon,Incheon,South Korea,KR,37.45646,126.70515,Asia/Seoul,3039450,1843564,city,"Incheon, South Korea"
city_kr_daegu,Daegu,South Korea,KR,35.87028,128.59111,Asia/Seoul,2365523,1835329,city,"Daegu, South Korea"
city_kw_al_a_mad,Al Aḩmadī,Kuwait,KW,29.07694,48.08389,Asia/Kuwait,637411,285839,city,"Al Aḩmadī, Kuwait"
city_kw_awall,Ḩawallī,Kuwait,KW,29.33278,48.02861,Asia/Kuwait,164212,285629,city,"Ḩawallī, Kuwait"
city_kw_as_s_lim_yah,As Sālimīyah,Kuwait,KW,29.33389,48.07611,Asia/Kuwait,147649,285704,city,"As Sālimīyah, Kuwait"
city_kw_kuwait_city,Kuwait City,Kuwait,KW,29.36700,47.97429,Asia/Kuwait,60064,285787,city,"Kuwait City, Kuwait"
city_ky_george_town,George Town,Cayman Islands,KY,19.28660,-81.37436,America/Cayman,29370,3580661,city,"George Town, Cayman Islands"
city_ky_west_bay,West Bay,Cayman Islands,KY,19.38197,-81.39281,America/Cayman,15335,3580477,city,"West Bay, Cayman Islands"
city_ky_bodden_town,Bodden Town,Cayman Islands,KY,19.27647,-81.25420,America/Cayman,14845,3580733,city,"Bodden Town, Cayman Islands"
city_kz_almaty,Almaty,Kazakhstan,KZ,43.25249,76.91150,Asia/Almaty,1977011,1526384,city,"Almaty, Kazakhstan"
city_kz_shymkent,Shymkent,Kazakhstan,KZ,42.30988,69.60042,Asia/Almaty,1200000,1518980,city,"Shymkent, Kazakhstan"
city_kz_aktobe,Aktobe,Kazakhstan,KZ,50.27969,57.20718,Asia/Aqtobe,500757,610611,city,"Aktobe, Kazakhstan"
city_kz_astana,Astana,Kazakhstan,KZ,51.18010,71.44598,Asia/Almaty,345604,1526273,city,"Astana, Kazakhstan"
city_la_vientiane,Vientiane,Laos,LA,17.96667,102.60000,Asia/Vientiane,196731,1651944,city,"Vientiane, Laos"
city_la_savannakhet,Savannakhet,Laos,LA,16.57030,104.76220,Asia/Vientiane,125760,1653316,city,"Savannakhet, Laos"
city_la_pakse,Pakse,Laos,LA,15.12022,105.79898,Asia/Vientiane,88332,1654379,city,"Pakse, Laos"
city_lb_beirut,Beirut,Lebanon,LB,33.89332,35.50157,Asia/Beirut,1916100,276781,city,"Beirut, Lebanon"
city_lb_ra_s_bayr_t,Ra’s Bayrūt,Lebanon,LB,33.90000,35.48333,Asia/Beirut,1251739,268743,city,"Ra’s Bayrūt, Lebanon"
city_lb_tripoli,Tripoli,Lebanon,LB,34.43352,35.84415,Asia/Beirut,229398,266826,city,"Tripoli, Lebanon"
city_lc_gros_islet,Gros Islet,Saint Lucia,LC,14.06667,-60.95000,America/St_Lucia,25210,3576686,city,"Gros Islet, Saint Lucia"
city_lc_castries,Castries,Saint Lucia,LC,13.99570,-61.00614,America/St_Lucia,20000,3576812,city,"Castries, Saint Lucia"
city_lc_bisee,Bisee,Saint Lucia,LC,14.02429,-60.97445,America/St_Lucia,12980,3576854,city,"Bisee, Saint Lucia"
city_li_schaan,Schaan,Liechtenstein,LI,47.16498,9.50867,Europe/Vaduz,5998,3042041,city,"Schaan, Liechtenstein"
city_li_triesen,Triesen,Liechtenstein,LI,47.10752,9.52815,Europe/Vaduz,5230,3042035,city,"Triesen, Liechtenstein"
city_li_vaduz,Vaduz,Liechtenstein,LI,47.14151,9.52154,Europe/Vaduz,5197,3042030,city,"Vaduz, Liechtenstein"
city_lk_colombo,Colombo,Sri Lanka,LK,6.93548,79.84868,Asia/Colombo,648034,1248991,city,"Colombo, Sri Lanka"
city_lk_dehiwala_mount_lavinia,Dehiwala-Mount Lavinia,Sri Lanka,LK,6.84019,79.87116,Asia/Colombo,219827,1234569,city,"Dehiwala-Mount Lavinia, Sri Lanka"
city_lk_maharagama,Maharagama,Sri Lanka,LK,6.84800,79.92650,Asia/Colombo,195355,1236854,city,"Maharagama, Sri Lanka"
city_lr_monrovia,Monrovia,Liberia,LR,6.30054,-10.79690,Africa/Monrovia,1542549,2274895,city,"Monrovia, Liberia"
city_lr_gbarnga,Gbarnga,Liberia,LR,6.99543,-9.47122,Africa/Monrovia,86031,2277060,city,"Gbarnga, Liberia"
city_lr_buchanan,Buchanan,Liberia,LR,5.87693,-10.04964,Africa/Monrovia,75854,2278158,city,"Buchanan, Liberia"
city_ls_maseru,Maseru,Lesotho,LS,-29.31667,27.48333,Africa/Maseru,359753,932505,city,"Maseru, Lesotho"
city_ls_maputsoe,Maputsoe,Lesotho,LS,-28.88660,27.89915,Africa/Maseru,61916,932521,city,"Maputsoe, Lesotho"
city_ls_mohale_s_hoek,Mohale's Hoek,Lesotho,LS,-30.15137,27.47691,Africa/Maseru,46593,932438,city,"Mohale's Hoek, Lesotho"
city_lt_vilnius,Vilnius,Lithuania,LT,54.68916,25.27980,Europe/Vilnius,542366,593116,city,"Vilnius, Lithuania"
city_lt_kaunas,Kaunas,Lithuania,LT,54.90156,23.90909,Europe/Vilnius,289380,598316,city,"Kaunas, Lithuania"
city_lt_klaip_da,Klaipėda,Lithuania,LT,55.70680,21.13912,Europe/Vilnius,172292,598098,city,"Klaipėda, Lithuania"
city_lu_luxembourg,Luxembourg,Luxembourg,LU,49.60982,6.13268,Europe/Luxembourg,76684,2960316,city,"Luxembourg, Luxembourg"
city_lu_esch_sur_alzette,Esch-sur-Alzette,Luxembourg,LU,49.49583,5.98056,Europe/Luxembourg,36625,2960596,city,"Esch-sur-Alzette, Luxembourg"
city_lu_dudelange,Dudelange,Luxembourg,LU,49.48056,6.08750,Europe/Luxembourg,18013,2960634,city,"Dudelange, Luxembourg"
city_lv_riga,Riga,Latvia,LV,56.94600,24.10589,Europe/Riga,742572,456172,city,"Riga, Latvia"
city_lv_daugavpils,Daugavpils,Latvia,LV,55.88333,26.53333,Europe/Riga,78126,460413,city,"Daugavpils, Latvia"
city_lv_liep_ja,Liepāja,Latvia,LV,56.50474,21.01085,Europe/Riga,67421,457954,city,"Liepāja, Latvia"
city_ly_tripoli,Tripoli,Libya,LY,32.88743,13.18733,Africa/Tripoli,1302947,2210247,city,"Tripoli, Libya"
city_ly_benghazi,Benghazi,Libya,LY,32.11486,20.06859,Africa/Tripoli,757490,88319,city,"Benghazi, Libya"
city_ly_misratah,Misratah,Libya,LY,32.37535,15.09254,Africa/Tripoli,355657,2214846,city,"Misratah, Libya"
city_ma_casablanca,Casablanca,Morocco,MA,33.58831,-7.61138,Africa/Casablanca,3665954,2553604,city,"Casablanca, Morocco"
city_ma_rabat,Rabat,Morocco,MA,34.01325,-6.83255,Africa/Casablanca,1655753,2538475,city,"Rabat, Morocco"
city_ma_fes,Fes,Morocco,MA,34.03313,-5.00028,Africa/Casablanca,1191905,2548885,city,"Fes, Morocco"
city_mc_monaco,Monaco,Monaco,MC,43.73718,7.42145,Europe/Monaco,32965,2993458,city,"Monaco, Monaco"
city_mc_monte_carlo,Monte-Carlo,Monaco,MC,43.73976,7.42732,Europe/Monaco,16012,2992741,city,"Monte-Carlo, Monaco"
city_mc_la_condamine,La Condamine,Monaco,MC,43.73439,7.42024,Europe/Monaco,12167,3009937,city,"La Condamine, Monaco"
city_md_chisinau,Chisinau,Moldova,MD,47.00902,28.85938,Europe/Chisinau,635994,618426,city,"Chisinau, Moldova"
city_md_tiraspol,Tiraspol,Moldova,MD,46.84275,29.62840,Europe/Chisinau,157000,617239,city,"Tiraspol, Moldova"
city_md_b_l_i,Bălţi,Moldova,MD,47.76291,27.92854,Europe/Chisinau,125000,618605,city,"Bălţi, Moldova"
city_me_podgorica,Podgorica,Montenegro,ME,42.44124,19.26309,Europe/Podgorica,236852,3193044,city,"Podgorica, Montenegro"
city_me_nik_i,Nikšić,Montenegro,ME,42.77310,18.94446,Europe/Podgorica,58212,3194494,city,"Nikšić, Montenegro"
city_me_herceg_novi,Herceg Novi,Montenegro,ME,42.45306,18.53750,Europe/Podgorica,19536,3199394,city,"Herceg Novi, Montenegro"
city_mf_grand_case,Grand-Case,Saint Martin,MF,18.10476,-63.05358,America/Marigot,6333,3579247,city,"Grand-Case, Saint Martin"
city_mf_concordia,Concordia,Saint Martin,MF,18.06489,-63.07794,America/Marigot,6102,6984577,city,"Concordia, Saint Martin"
city_mf_marigot,Marigot,Saint Martin,MF,18.06819,-63.08302,America/Marigot,5700,3578851,city,"Marigot, Saint Martin"
city_mg_antananarivo,Antananarivo,Madagascar,MG,-18.91368,47.53613,Indian/Antananarivo,1349501,1070940,city,"Antananarivo, Madagascar"
city_mg_toamasina,Toamasina,Madagascar,MG,-18.14920,49.40234,Indian/Antananarivo,345107,1053384,city,"Toamasina, Madagascar"
city_mg_antsirabe,Antsirabe,Madagascar,MG,-19.86586,47.03333,Indian/Antananarivo,260907,1069166,city,"Antsirabe, Madagascar"
city_mh_majuro,Majuro,Marshall Islands,MH,7.08971,171.38027,Pacific/Majuro,25400,2113779,city,"Majuro, Marshall Islands"
city_mh_ebaye,Ebaye,Marshall Islands,MH,8.77479,167.73919,Pacific/Kwajalein,15000,7304467,city,"Ebaye, Marshall Islands"
city_mh_arno,Arno,Marshall Islands,MH,7.06691,171.55413,Pacific/Majuro,2068,7306514,city,"Arno, Marshall Islands"
city_mk_skopje,Skopje,North Macedonia,MK,41.99646,21.43141,Europe/Skopje,474889,785842,city,"Skopje, North Macedonia"
city_mk_kumanovo,Kumanovo,North Macedonia,MK,42.13279,21.71585,Europe/Skopje,75051,788886,city,"Kumanovo, North Macedonia"
city_mk_prilep,Prilep,North Macedonia,MK,41.34558,21.55370,Europe/Skopje,73814,786735,city,"Prilep, North Macedonia"
city_ml_bamako,Bamako,Mali,ML,12.60915,-7.97522,Africa/Bamako,4227569,2460596,city,"Bamako, Mali"
city_ml_sikasso,Sikasso,Mali,ML,11.31755,-5.66654,Africa/Bamako,349324,2451185,city,"Sikasso, Mali"
city_ml_koutiala,Koutiala,Mali,ML,12.38723,-5.46507,Africa/Bamako,218031,2454268,city,"Koutiala, Mali"
city_mm_yangon,Yangon,Myanmar,MM,16.80528,96.15611,Asia/Yangon,4477638,1298824,city,"Yangon, Myanmar"
city_mm_mandalay,Mandalay,Myanmar,MM,21.97473,96.08359,Asia/Yangon,1208099,1311874,city,"Mandalay, Myanmar"
city_mm_nay_pyi_taw,Nay Pyi Taw,Myanmar,MM,19.74500,96.12972,Asia/Yangon,925000,6611854,city,"Nay Pyi Taw, Myanmar"
city_mn_ulan_bator,Ulan Bator,Mongolia,MN,47.90771,106.88324,Asia/Ulaanbaatar,844818,2028462,city,"Ulan Bator, Mongolia"
city_mn_erdenet,Erdenet,Mongolia,MN,49.03333,104.08333,Asia/Ulaanbaatar,97814,2031405,city,"Erdenet, Mongolia"
city_mn_darhan,Darhan,Mongolia,MN,49.48667,105.92278,Asia/Ulaanbaatar,83883,2031964,city,"Darhan, Mongolia"
city_mo_macau,Macau,Macao,MO,22.20056,113.54611,Asia/Macau,649335,1821274,city,"Macau, Macao"
city_mo_taipa,Taipa,Macao,MO,22.15583,113.55694,Asia/Macau,112051,1821263,city,"Taipa, Macao"
city_mo_s,Sé,Macao,MO,22.19089,113.54733,Asia/Macau,52200,13527317,city,"Sé, Macao"
city_mp_saipan,Saipan,Northern Mariana Islands,MP,15.21233,145.75450,Pacific/Saipan,48220,7828758,city,"Saipan, Northern Mariana Islands"
city_mp_san_jose_village,San Jose Village,Northern Mariana Islands,MP,14.96823,145.61998,Pacific/Saipan,15000,7267949,city,"San Jose Village, Northern Mariana Islands"
city_mp_garapan,Garapan,Northern Mariana Islands,MP,15.21107,145.72038,Pacific/Saipan,5225,13527050,city,"Garapan, Northern Mariana Islands"
city_mq_fort_de_france,Fort-de-France,Martinique,MQ,14.60365,-61.07418,America/Martinique,89995,3570675,city,"Fort-de-France, Martinique"
city_mq_le_lamentin,Le Lamentin,Martinique,MQ,14.61341,-60.99964,America/Martinique,40581,3570428,city,"Le Lamentin, Martinique"
city_mq_le_robert,Le Robert,Martinique,MQ,14.67751,-60.94228,America/Martinique,23814,3570412,city,"Le Robert, Martinique"
city_mr_nouakchott,Nouakchott,Mauritania,MR,18.08581,-15.97850,Africa/Nouakchott,1184530,2377450,city,"Nouakchott, Mauritania"
city_mr_nouadhibou,Nouadhibou,Mauritania,MR,20.94188,-17.03842,Africa/Nouakchott,146048,2377457,city,"Nouadhibou, Mauritania"
city_mr_kiffa,Kiffa,Mauritania,MR,16.62073,-11.40208,Africa/Nouakchott,62051,2378538,city,"Kiffa, Mauritania"
city_ms_salem,Salem,Montserrat,MS,16.75095,-62.22175,America/Montserrat,1140,3578037,city,"Salem, Montserrat"
city_ms_brades,Brades,Montserrat,MS,16.79183,-62.21058,America/Montserrat,1000,7266440,city,"Brades, Montserrat"
city_ms_cork_hill,Cork Hill,Montserrat,MS,16.72925,-62.21883,America/Montserrat,732,3578203,city,"Cork Hill, Montserrat"
city_ms_plymouth,Plymouth,Montserrat,MS,16.70555,-62.21292,America/Montserrat,0,3578069,city,"Plymouth, Montserrat"
city_mt_san_pawl_il_ba_ar,San Pawl il-Baħar,Malta,MT,35.95064,14.41561,Europe/Malta,32042,2562541,city,"San Pawl il-Baħar, Malta"
city_mt_birkirkara,Birkirkara,Malta,MT,35.89706,14.46115,Europe/Malta,24356,2563191,city,"Birkirkara, Malta"
city_mt_mosta,Mosta,Malta,MT,35.90942,14.42566,Europe/Malta,23482,2562704,city,"Mosta, Malta"
city_mt_valletta,Valletta,Malta,MT,35.89968,14.51480,Europe/Malta,6794,2562305,city,"Valletta, Malta"
city_mu_port_louis,Port Louis,Mauritius,MU,-20.16194,57.49889,Indian/Mauritius,155226,934154,city,"Port Louis, Mauritius"
city_mu_vacoas,Vacoas,Mauritius,MU,-20.29806,57.47833,Indian/Mauritius,115289,933945,city,"Vacoas, Mauritius"
city_mu_beau_bassin_rose_hill,Beau Bassin-Rose Hill,Mauritius,MU,-20.23325,57.46609,Indian/Mauritius,111355,934765,city,"Beau Bassin-Rose Hill, Mauritius"
city_mu_tamarin,Tamarin,Mauritius,MU,-20.32556,57.37056,Indian/Mauritius,4371,933982,city,"Tamarin, Mauritius"
city_mv_male,Male,Maldives,MV,4.17521,73.50916,Indian/Maldives,103693,1282027,city,"Male, Maldives"
city_mv_fuvahmulah,Fuvahmulah,Maldives,MV,-0.29878,73.42403,Indian/Maldives,11140,1337611,city,"Fuvahmulah, Maldives"
city_mv_hithadhoo,Hithadhoo,Maldives,MV,-0.60000,73.08333,Indian/Maldives,9927,1282256,city,"Hithadhoo, Maldives"
city_mw_lilongwe,Lilongwe,Malawi,MW,-13.96692,33.78725,Africa/Blantyre,1115815,927967,city,"Lilongwe, Malawi"
city_mw_blantyre,Blantyre,Malawi,MW,-15.78499,35.00854,Africa/Blantyre,902588,931755,city,"Blantyre, Malawi"
city_mw_mzuzu,Mzuzu,Malawi,MW,-11.46556,34.02071,Africa/Blantyre,249564,925475,city,"Mzuzu, Malawi"
city_mx_mexico_city,Mexico City,Mexico,MX,19.42847,-99.12766,America/Mexico_City,12294193,3530597,city,"Mexico City, Mexico"
city_mx_tijuana,Tijuana,Mexico,MX,32.50270,-117.00371,America/Tijuana,1922523,3981609,city,"Tijuana, Mexico"
city_mx_iztapalapa,Iztapalapa,Mexico,MX,19.35529,-99.06224,America/Mexico_City,1835486,3526683,city,"Iztapalapa, Mexico"
city_my_kuala_lumpur,Kuala Lumpur,Malaysia,MY,3.14120,101.68653,Asia/Kuala_Lumpur,1453975,1735161,city,"Kuala Lumpur, Malaysia"
city_my_johor_bahru,Johor Bahru,Malaysia,MY,1.46550,103.75780,Asia/Kuala_Lumpur,858118,1732752,city,"Johor Bahru, Malaysia"
city_my_kampung_baru_subang,Kampung Baru Subang,Malaysia,MY,3.15000,101.53333,Asia/Kuala_Lumpur,833571,1771023,city,"Kampung Baru Subang, Malaysia"
city_mz_maputo,Maputo,Mozambique,MZ,-25.96553,32.58322,Africa/Maputo,1254837,1040652,city,"Maputo, Mozambique"
city_mz_matola,Matola,Mozambique,MZ,-25.96222,32.45889,Africa/Maputo,1198988,1039854,city,"Matola, Mozambique"
city_mz_nampula,Nampula,Mozambique,MZ,-15.11646,39.26660,Africa/Maputo,770379,1033356,city,"Nampula, Mozambique"
city_na_windhoek,Windhoek,Namibia,NA,-22.55941,17.08323,Africa/Windhoek,386219,3352136,city,"Windhoek, Namibia"
city_na_rundu,Rundu,Namibia,NA,-17.91796,19.77314,Africa/Windhoek,75180,3353383,city,"Rundu, Namibia"
city_na_walvis_bay,Walvis Bay,Namibia,NA,-22.95750,14.50528,Africa/Windhoek,73598,3359638,city,"Walvis Bay, Namibia"
city_nc_noum_a,Nouméa,New Caledonia,NC,-22.27407,166.44884,Pacific/Noumea,93060,2139521,city,"Nouméa, New Caledonia"
city_nc_mont_dore,Mont-Dore,New Caledonia,NC,-22.26257,166.56621,Pacific/Noumea,24680,2140066,city,"Mont-Dore, New Caledonia"
city_nc_dumb_a,Dumbéa,New Caledonia,NC,-22.15757,166.45720,Pacific/Noumea,19346,2141394,city,"Dumbéa, New Caledonia"
city_ne_niamey,Niamey,Niger,NE,13.51366,2.10980,Africa/Niamey,1323691,2440485,city,"Niamey, Niger"
city_ne_maradi,Maradi,Niger,NE,13.50000,7.10174,Africa/Niamey,361702,2441291,city,"Maradi, Niger"
city_ne_zinder,Zinder,Niger,NE,13.80716,8.98810,Africa/Niamey,318874,2437798,city,"Zinder, Niger"
city_nf_kingston,Kingston,Norfolk Island,NF,-29.05459,167.96628,Pacific/Norfolk,880,2161314,city,"Kingston, Norfolk Island"
city_ng_lagos,Lagos,Nigeria,NG,6.45407,3.39467,Africa/Lagos,15388000,2332459,city,"Lagos, Nigeria"
city_ng_kano,Kano,Nigeria,NG,12.00012,8.51672,Africa/Lagos,4910000,2335204,city,"Kano, Nigeria"
city_ng_ibadan,Ibadan,Nigeria,NG,7.37756,3.90591,Africa/Lagos,3649000,2339354,city,"Ibadan, Nigeria"
city_ng_abuja,Abuja,Nigeria,NG,9.05785,7.49508,Africa/Lagos,2690000,2352778,city,"Abuja, Nigeria"
city_ng_port_harcourt,Port Harcourt,Nigeria,NG,4.77742,7.01340,Africa/Lagos,2120000,2324774,city,"Port Harcourt, Nigeria"
city_ni_managua,Managua,Nicaragua,NI,12.13282,-86.25040,America/Managua,973087,3617763,city,"Managua, Nicaragua"
city_ni_le_n,León,Nicaragua,NI,12.43527,-86.87862,America/Managua,144538,3618030,city,"León, Nicaragua"
city_ni_masaya,Masaya,Nicaragua,NI,11.97316,-86.09587,America/Managua,130113,3617723,city,"Masaya, Nicaragua"
city_nl_rotterdam,Rotterdam,The Netherlands,NL,51.92250,4.47917,Europe/Amsterdam,868135,2747891,city,"Rotterdam, The Netherlands"
city_nl_amsterdam,Amsterdam,The Netherlands,NL,52.37403,4.88969,Europe/Amsterdam,741636,2759794,city,"Amsterdam, The Netherlands"
city_nl_the_hague,The Hague,The Netherlands,NL,52.07667,4.29861,Europe/Amsterdam,474292,2747373,city,"The Hague, The Netherlands"
city_no_oslo,Oslo,Norway,NO,59.91273,10.74609,Europe/Oslo,1082575,3143244,city,"Oslo, Norway"
city_no_bergen,Bergen,Norway,NO,60.39299,5.32415,Europe/Oslo,294029,3161732,city,"Bergen, Norway"
city_no_trondheim,Trondheim,Norway,NO,63.43049,10.39506,Europe/Oslo,216518,3133880,city,"Trondheim, Norway"
city_np_kathmandu,Kathmandu,Nepal,NP,27.70169,85.32060,Asia/Kathmandu,1442271,1283240,city,"Kathmandu, Nepal"
city_np_pokhara,Pokhara,Nepal,NP,28.26689,83.96851,Asia/Kathmandu,600051,1282898,city,"Pokhara, Nepal"
city_np_bharatpur,Bharatpur,Nepal,NP,27.67680,84.43589,Asia/Kathmandu,369377,1283613,city,"Bharatpur, Nepal"
city_nr_arijejen,Arijejen,Nauru,NR,-0.52545,166.91247,Pacific/Nauru,2381,7626485,city,"Arijejen, Nauru"
city_nr_denigomodu,Denigomodu,Nauru,NR,-0.52574,166.91259,Pacific/Nauru,1804,12129637,city,"Denigomodu, Nauru"
city_nr_menen,Menen,Nauru,NR,-0.54539,166.94871,Pacific/Nauru,1400,11695310,city,"Menen, Nauru"
city_nr_yaren,Yaren,Nauru,NR,-0.55085,166.92520,Pacific/Nauru,1100,7626461,city,"Yaren, Nauru"
city_nu_alofi,Alofi,Niue,NU,-19.05294,-169.91957,Pacific/Niue,624,4036284,city,"Alofi, Niue"
city_nz_auckland,Auckland,New Zealand,NZ,-36.84853,174.76349,Pacific/Auckland,1530500,2193733,city,"Auckland, New Zealand"
city_nz_christchurch,Christchurch,New Zealand,NZ,-43.53333,172.63333,Pacific/Auckland,412000,2192362,city,"Christchurch, New Zealand"
city_nz_wellington,Wellington,New Zealand,NZ,-41.28664,174.77557,Pacific/Auckland,381900,2179537,city,"Wellington, New Zealand"
city_om_muscat,Muscat,Oman,OM,23.58413,58.40778,Asia/Muscat,797000,287286,city,"Muscat, Oman"
city_om_seeb,Seeb,Oman,OM,23.67027,58.18911,Asia/Muscat,470878,288967,city,"Seeb, Oman"
city_om_bawshar,Bawshar,Oman,OM,23.57769,58.39982,Asia/Muscat,383257,288764,city,"Bawshar, Oman"
city_pa_panam,Panamá,Panama,PA,8.99360,-79.51973,America/Panama,408168,3703443,city,"Panamá, Panama"
city_pa_san_miguelito,San Miguelito,Panama,PA,9.05032,-79.47068,America/Panama,321501,3701329,city,"San Miguelito, Panama"
city_pa_juan_d_az,Juan Díaz,Panama,PA,9.04059,-79.44083,America/Panama,100636,3708306,city,"Juan Díaz, Panama"
city_pe_lima,Lima,Peru,PE,-12.04318,-77.02824,America/Lima,7737002,3936456,city,"Lima, Peru"
city_pe_callao,Callao,Peru,PE,-12.05162,-77.13452,America/Lima,1300000,3946083,city,"Callao, Peru"
city_pe_arequipa,Arequipa,Peru,PE,-16.39899,-71.53747,America/Lima,1008290,3947322,city,"Arequipa, Peru"
city_pf_faaa,Faaa,French Polynesia,PF,-17.55933,-149.60352,Pacific/Tahiti,29851,4034561,city,"Faaa, French Polynesia"
city_pf_papeete,Papeete,French Polynesia,PF,-17.53470,-149.56843,Pacific/Tahiti,26357,4033936,city,"Papeete, French Polynesia"
city_pf_punaauia,Punaauia,French Polynesia,PF,-17.63333,-149.60000,Pacific/Tahiti,25750,4033779,city,"Punaauia, French Polynesia"
city_pg_port_moresby,Port Moresby,Papua New Guinea,PG,-9.47723,147.15089,Pacific/Port_Moresby,283733,2088122,city,"Port Moresby, Papua New Guinea"
city_pg_lae,Lae,Papua New Guinea,PG,-6.72333,146.99611,Pacific/Port_Moresby,76255,2092740,city,"Lae, Papua New Guinea"
city_pg_arawa,Arawa,Papua New Guinea,PG,-6.22977,155.56598,Pacific/Bougainville,40266,2100633,city,"Arawa, Papua New Guinea"
city_ph_quezon_city,Quezon City,Philippines,PH,14.64880,121.05090,Asia/Manila,3084270,1692192,city,"Quezon City, Philippines"
city_ph_davao,Davao,Philippines,PH,7.07306,125.61278,Asia/Manila,1848947,1715348,city,"Davao, Philippines"
city_ph_caloocan_city,Caloocan City,Philippines,PH,14.64953,120.96788,Asia/Manila,1712945,1720151,city,"Caloocan City, Philippines"
city_ph_manila,Manila,Philippines,PH,14.60420,120.98220,Asia/Manila,1600000,1701668,city,"Manila, Philippines"
city_pk_lahore,Lahore,Pakistan,PK,31.55800,74.35071,Asia/Karachi,13004135,1172451,city,"Lahore, Pakistan"
city_pk_karachi,Karachi,Pakistan,PK,24.86080,67.01040,Asia/Karachi,11624219,1174872,city,"Karachi, Pakistan"
city_pk_peshawar,Peshawar,Pakistan,PK,34.00800,71.57849,Asia/Karachi,4758762,1168197,city,"Peshawar, Pakistan"
city_pk_faisalabad,Faisalabad,Pakistan,PK,31.41554,73.08969,Asia/Karachi,3800193,1179400,city,"Faisalabad, Pakistan"
city_pk_rawalpindi,Rawalpindi,Pakistan,PK,33.59733,73.04790,Asia/Karachi,3357612,1166993,city,"Rawalpindi, Pakistan"
city_pk_gujranwala,Gujranwala,Pakistan,PK,32.15567,74.18705,Asia/Karachi,2511118,1177662,city,"Gujranwala, Pakistan"
city_pk_multan,Multan,Pakistan,PK,30.19679,71.47824,Asia/Karachi,2169915,1169825,city,"Multan, Pakistan"
city_pk_islamabad,Islamabad,Pakistan,PK,33.72148,73.04329,Asia/Karachi,601600,1176615,city,"Islamabad, Pakistan"
city_pl_warsaw,Warsaw,Poland,PL,52.22977,21.01178,Europe/Warsaw,1702139,756135,city,"Warsaw, Poland"
city_pl_krak_w,Kraków,Poland,PL,50.06143,19.93658,Europe/Warsaw,804237,3094802,city,"Kraków, Poland"
city_pl_wroc_aw,Wrocław,Poland,PL,51.10286,17.03006,Europe/Warsaw,672545,3081368,city,"Wrocław, Poland"
city_pm_saint_pierre,Saint-Pierre,Saint Pierre and Miquelon,PM,46.77914,-56.17730,America/Miquelon,6200,3424934,city,"Saint-Pierre, Saint Pierre and Miquelon"
city_pm_miquelon,Miquelon,Saint Pierre and Miquelon,PM,47.09750,-56.38139,America/Miquelon,1141,3424941,city,"Miquelon, Saint Pierre and Miquelon"
city_pn_adamstown,Adamstown,Pitcairn,PN,-25.06597,-130.10147,Pacific/Pitcairn,46,4030723,city,"Adamstown, Pitcairn"
city_pr_san_juan,San Juan,Puerto Rico,PR,18.46633,-66.10572,America/Puerto_Rico,418140,4568127,city,"San Juan, Puerto Rico"
city_pr_bayam_n,Bayamón,Puerto Rico,PR,18.39856,-66.15572,America/Puerto_Rico,203499,4562831,city,"Bayamón, Puerto Rico"
city_pr_carolina,Carolina,Puerto Rico,PR,18.38078,-65.95739,America/Puerto_Rico,170404,4563243,city,"Carolina, Puerto Rico"
city_ps_east_jerusalem,East Jerusalem,Palestinian Territory,PS,31.78336,35.23388,Asia/Hebron,428304,7303419,city,"East Jerusalem, Palestinian Territory"
city_ps_gaza,Gaza,Palestinian Territory,PS,31.50161,34.46672,Asia/Gaza,410000,281133,city,"Gaza, Palestinian Territory"
city_ps_kh_n_y_nis,Khān Yūnis,Palestinian Territory,PS,31.34018,34.30627,Asia/Gaza,173183,281124,city,"Khān Yūnis, Palestinian Territory"
city_pt_lisbon,Lisbon,Portugal,PT,38.72509,-9.14980,Europe/Lisbon,517802,2267057,city,"Lisbon, Portugal"
city_pt_porto,Porto,Portugal,PT,41.14850,-8.61097,Europe/Lisbon,249633,2735943,city,"Porto, Portugal"
city_pt_amadora,Amadora,Portugal,PT,38.75382,-9.23083,Europe/Lisbon,178858,2271772,city,"Amadora, Portugal"
city_pw_koror,Koror,Palau,PW,7.33978,134.47326,Pacific/Palau,14000,1559446,city,"Koror, Palau"
city_pw_koror_town,Koror Town,Palau,PW,7.34257,134.47888,Pacific/Palau,12676,7732415,city,"Koror Town, Palau"
city_pw_medalaii_hamlet,Medalaii Hamlet,Palau,PW,7.34391,134.46588,Pacific/Palau,2284,1559814,city,"Medalaii Hamlet, Palau"
city_pw_ngerulmud,Ngerulmud,Palau,PW,7.50077,134.62380,Pacific/Palau,1,8063361,city,"Ngerulmud, Palau"
city_py_asunci_n,Asunción,Paraguay,PY,-25.28646,-57.64700,America/Asuncion,1482200,3439389,city,"Asunción, Paraguay"
city_py_ciudad_del_este,Ciudad del Este,Paraguay,PY,-25.50360,-54.65067,America/Asuncion,301815,3439101,city,"Ciudad del Este, Paraguay"
city_py_san_lorenzo,San Lorenzo,Paraguay,PY,-25.33968,-57.50879,America/Asuncion,227876,3437056,city,"San Lorenzo, Paraguay"
city_qa_doha,Doha,Qatar,QA,25.28545,51.53096,Asia/Qatar,344939,290030,city,"Doha, Qatar"
city_qa_ar_rayy_n,Ar Rayyān,Qatar,QA,25.29194,51.42444,Asia/Qatar,272465,289888,city,"Ar Rayyān, Qatar"
city_qa_al_ma_r_al_at_q,Al Maţār al ‘Atīq,Qatar,QA,25.25138,51.55569,Asia/Qatar,76774,12242643,city,"Al Maţār al ‘Atīq, Qatar"
city_re_saint_denis,Saint-Denis,Reunion,RE,-20.88231,55.45040,Indian/Reunion,154765,935264,city,"Saint-Denis, Reunion"
city_re_saint_paul,Saint-Paul,Reunion,RE,-21.00961,55.27134,Indian/Reunion,105240,935221,city,"Saint-Paul, Reunion"
city_re_saint_pierre,Saint-Pierre,Reunion,RE,-21.33930,55.47811,Indian/Reunion,84077,935214,city,"Saint-Pierre, Reunion"
city_ro_bucharest,Bucharest,Romania,RO,44.43225,26.10626,Europe/Bucharest,1877155,683506,city,"Bucharest, Romania"
city_ro_sector_3,Sector 3,Romania,RO,44.42340,26.16874,Europe/Bucharest,385439,11048319,city,"Sector 3, Romania"
city_ro_ia_i,Iaşi,Romania,RO,47.16667,27.60000,Europe/Bucharest,378954,675810,city,"Iaşi, Romania"
city_rs_belgrade,Belgrade,Serbia,RS,44.80401,20.46513,Europe/Belgrade,1273651,792680,city,"Belgrade, Serbia"
city_rs_ni,Niš,Serbia,RS,43.32472,21.90333,Europe/Belgrade,250000,787657,city,"Niš, Serbia"
city_rs_novi_sad,Novi Sad,Serbia,RS,45.25167,19.83694,Europe/Belgrade,215400,3194360,city,"Novi Sad, Serbia"
city_ru_moscow,Moscow,Russia,RU,55.75204,37.61781,Europe/Moscow,10381222,524901,city,"Moscow, Russia"
city_ru_saint_petersburg,Saint Petersburg,Russia,RU,59.93863,30.31413,Europe/Moscow,5351935,498817,city,"Saint Petersburg, Russia"
city_ru_novosibirsk,Novosibirsk,Russia,RU,55.02259,82.93175,Asia/Novosibirsk,1612833,1496747,city,"Novosibirsk, Russia"
city_rw_kigali,Kigali,Rwanda,RW,-1.94995,30.05885,Africa/Kigali,1132686,202061,city,"Kigali, Rwanda"
city_rw_gisenyi,Gisenyi,Rwanda,RW,-1.70278,29.25639,Africa/Kigali,172357,202905,city,"Gisenyi, Rwanda"
city_rw_musanze,Musanze,Rwanda,RW,-1.49984,29.63497,Africa/Kigali,153368,201521,city,"Musanze, Rwanda"
city_sa_jeddah,Jeddah,Saudi Arabia,SA,21.49012,39.18624,Asia/Riyadh,4697000,105343,city,"Jeddah, Saudi Arabia"
city_sa_riyadh,Riyadh,Saudi Arabia,SA,24.68773,46.72185,Asia/Riyadh,4205961,108410,city,"Riyadh, Saudi Arabia"
city_sa_makkah,Makkah,Saudi Arabia,SA,21.42664,39.82563,Asia/Riyadh,1578722,104515,city,"Makkah, Saudi Arabia"
city_sb_honiara,Honiara,Solomon Islands,SB,-9.43333,159.95000,Pacific/Guadalcanal,56298,2108502,city,"Honiara, Solomon Islands"
city_sb_panatina,Panatina,Solomon Islands,SB,-9.43215,160.00607,Pacific/Guadalcanal,32712,2104533,city,"Panatina, Solomon Islands"
city_sb_nggosi,Nggosi,Solomon Islands,SB,-9.43056,159.92103,Pacific/Guadalcanal,26009,2105033,city,"Nggosi, Solomon Islands"
city_sc_victoria,Victoria,Seychelles,SC,-4.62001,55.45501,Indian/Mahe,22881,241131,city,"Victoria, Seychelles"
city_sc_cascade,Cascade,Seychelles,SC,-4.66915,55.49952,Indian/Mahe,7263,241395,city,"Cascade, Seychelles"
city_sc_perseverance,Perseverance,Seychelles,SC,-4.60445,55.46428,Indian/Mahe,6209,12718739,city,"Perseverance, Seychelles"
city_sd_khartoum,Khartoum,Sudan,SD,15.55177,32.53241,Africa/Khartoum,1974647,379252,city,"Khartoum, Sudan"
city_sd_omdurman,Omdurman,Sudan,SD,15.64453,32.47773,Africa/Khartoum,1849659,365137,city,"Omdurman, Sudan"
city_sd_khartoum_north,Khartoum North,Sudan,SD,15.64925,32.53458,Africa/Khartoum,1012211,379251,city,"Khartoum North, Sudan"
city_se_stockholm,Stockholm,Sweden,SE,59.32938,18.06871,Europe/Stockholm,1515017,2673730,city,"Stockholm, Sweden"
city_se_g_teborg,Göteborg,Sweden,SE,57.70716,11.96679,Europe/Stockholm,608462,2711537,city,"Göteborg, Sweden"
city_se_malm,Malmö,Sweden,SE,55.60587,13.00073,Europe/Stockholm,362133,2692969,city,"Malmö, Sweden"
city_sg_singapore,Singapore,Singapore,SG,1.28967,103.85007,Asia/Singapore,5638700,1880252,city,"Singapore, Singapore"
city_sg_bedok_new_town,Bedok New Town,Singapore,SG,1.32639,103.94167,Asia/Singapore,276990,1884382,city,"Bedok New Town, Singapore"
city_sg_ulu_bedok,Ulu Bedok,Singapore,SG,1.33333,103.93333,Asia/Singapore,276990,1880159,city,"Ulu Bedok, Singapore"
city_sh_georgetown,Georgetown,Saint Helena,SH,-7.92861,-14.41194,Atlantic/St_Helena,5012,2411397,city,"Georgetown, Saint Helena"
city_sh_edinburgh_of_the_seven_seas,Edinburgh of the Seven Seas,Saint Helena,SH,-37.06757,-12.31155,Atlantic/St_Helena,2860,3370726,city,"Edinburgh of the Seven Seas, Saint Helena"
city_sh_half_tree_hollow,Half Tree Hollow,Saint Helena,SH,-15.93723,-5.71996,Atlantic/St_Helena,1034,3370936,city,"Half Tree Hollow, Saint Helena"
city_sh_jamestown,Jamestown,Saint Helena,SH,-15.92488,-5.71816,Atlantic/St_Helena,637,3370903,city,"Jamestown, Saint Helena"
city_si_ljubljana,Ljubljana,Slovenia,SI,46.05108,14.50513,Europe/Ljubljana,272220,3196359,city,"Ljubljana, Slovenia"
city_si_maribor,Maribor,Slovenia,SI,46.55583,15.64593,Europe/Ljubljana,96209,3195506,city,"Maribor, Slovenia"
city_si_celje,Celje,Slovenia,SI,46.23092,15.26044,Europe/Ljubljana,38059,3202781,city,"Celje, Slovenia"
city_sj_longyearbyen,Longyearbyen,Svalbard and Jan Mayen,SJ,78.22334,15.64689,Arctic/Longyearbyen,2368,2729907,city,"Longyearbyen, Svalbard and Jan Mayen"
city_sj_olonkinbyen,Olonkinbyen,Svalbard and Jan Mayen,SJ,70.92210,-8.71870,Arctic/Longyearbyen,14,7535941,city,"Olonkinbyen, Svalbard and Jan Mayen"
city_sk_bratislava,Bratislava,Slovakia,SK,48.14816,17.10674,Europe/Bratislava,423737,3060972,city,"Bratislava, Slovakia"
city_sk_ko_ice,Košice,Slovakia,SK,48.71441,21.25802,Europe/Bratislava,225044,724443,city,"Košice, Slovakia"
city_sk_petr_alka,Petržalka,Slovakia,SK,48.12331,17.12866,Europe/Bratislava,112380,3058213,city,"Petržalka, Slovakia"
city_sl_freetown,Freetown,Sierra Leone,SL,8.48714,-13.23560,Africa/Freetown,802639,2409306,city,"Freetown, Sierra Leone"
city_sl_bo,Bo,Sierra Leone,SL,7.96472,-11.73833,Africa/Freetown,174354,2410048,city,"Bo, Sierra Leone"
city_sl_kenema,Kenema,Sierra Leone,SL,7.87687,-11.19025,Africa/Freetown,143137,2407790,city,"Kenema, Sierra Leone"
city_sm_serravalle,Serravalle,San Marino,SM,43.96897,12.48167,Europe/San_Marino,9258,3166645,city,"Serravalle, San Marino"
city_sm_dogana,Dogana,San Marino,SM,43.98034,12.49051,Europe/San_Marino,7000,3177564,city,"Dogana, San Marino"
city_sm_valdragone,Valdragone,San Marino,SM,43.94021,12.45622,Europe/San_Marino,6983,8199071,city,"Valdragone, San Marino"
city_sm_san_marino,San Marino,San Marino,SM,43.93667,12.44639,Europe/San_Marino,4500,3168070,city,"San Marino, San Marino"
city_sn_dakar,Dakar,Senegal,SN,14.69370,-17.44406,Africa/Dakar,2646503,2253354,city,"Dakar, Senegal"
city_sn_touba,Touba,Senegal,SN,14.86229,-15.87532,Africa/Dakar,1120824,2244322,city,"Touba, Senegal"
city_sn_pikine,Pikine,Senegal,SN,14.76457,-17.39071,Africa/Dakar,874062,2246678,city,"Pikine, Senegal"
city_so_mogadishu,Mogadishu,Somalia,SO,2.03711,45.34375,Africa/Mogadishu,2587183,53654,city,"Mogadishu, Somalia"
city_so_borama,Borama,Somalia,SO,9.93611,43.18278,Africa/Mogadishu,597842,64021,city,"Borama, Somalia"
city_so_hargeysa,Hargeysa,Somalia,SO,9.56000,44.06500,Africa/Mogadishu,477876,57289,city,"Hargeysa, Somalia"
city_sr_paramaribo,Paramaribo,Suriname,SR,5.86638,-55.16682,America/Paramaribo,223757,3383330,city,"Paramaribo, Suriname"
city_sr_blauwgrond,Blauwgrond,Suriname,SR,5.84342,-55.11929,America/Paramaribo,31483,3384562,city,"Blauwgrond, Suriname"
city_sr_rainville,Rainville,Suriname,SR,5.83436,-55.13769,America/Paramaribo,22747,3383188,city,"Rainville, Suriname"
city_ss_juba,Juba,South Sudan,SS,4.85165,31.58247,Africa/Juba,450000,373303,city,"Juba, South Sudan"
city_ss_winejok,Winejok,South Sudan,SS,9.01222,27.57081,Africa/Juba,300000,363807,city,"Winejok, South Sudan"
city_ss_yei,Yei,South Sudan,SS,4.09444,30.67639,Africa/Juba,260720,363619,city,"Yei, South Sudan"
city_st_s_o_tom,São Tomé,Sao Tome and Principe,ST,0.33756,6.72990,Africa/Sao_Tome,53300,2410763,city,"São Tomé, Sao Tome and Principe"
city_st_neves,Neves,Sao Tome and Principe,ST,0.35671,6.54897,Africa/Sao_Tome,8391,2410972,city,"Neves, Sao Tome and Principe"
city_st_gua_iz,Água Izé,Sao Tome and Principe,ST,0.21953,6.72782,Africa/Sao_Tome,7445,2411305,city,"Água Izé, Sao Tome and Principe"
city_sv_san_salvador,San Salvador,El Salvador,SV,13.68935,-89.18718,America/El_Salvador,525990,3583361,city,"San Salvador, El Salvador"
city_sv_soyapango,Soyapango,El Salvador,SV,13.71024,-89.13989,America/El_Salvador,329708,3583096,city,"Soyapango, El Salvador"
city_sv_san_miguel,San Miguel,El Salvador,SV,13.48261,-88.18211,America/El_Salvador,247126,3583446,city,"San Miguel, El Salvador"
city_sx_cul_de_sac,Cul de Sac,Sint Maarten,SX,18.04852,-63.06513,America/Lower_Princes,8467,3513794,city,"Cul de Sac, Sint Maarten"
city_sx_lower_prince_s_quarter,Lower Prince’s Quarter,Sint Maarten,SX,18.04987,-63.03789,America/Lower_Princes,8000,3513522,city,"Lower Prince’s Quarter, Sint Maarten"
city_sx_koolbaai,Koolbaai,Sint Maarten,SX,18.04048,-63.08397,America/Lower_Princes,6000,6985411,city,"Koolbaai, Sint Maarten"
city_sx_philipsburg,Philipsburg,Sint Maarten,SX,18.02600,-63.04582,America/Lower_Princes,1400,3513392,city,"Philipsburg, Sint Maarten"
city_sy_aleppo,Aleppo,Syria,SY,36.20124,37.16117,Asia/Damascus,2098210,170063,city,"Aleppo, Syria"
city_sy_damascus,Damascus,Syria,SY,33.51020,36.29128,Asia/Damascus,1569394,170654,city,"Damascus, Syria"
city_sy_homs,Homs,Syria,SY,34.72405,36.72559,Asia/Damascus,775404,169577,city,"Homs, Syria"
city_sz_manzini,Manzini,Eswatini,SZ,-26.49884,31.38004,Africa/Mbabane,110537,934995,city,"Manzini, Eswatini"
city_sz_mbabane,Mbabane,Eswatini,SZ,-26.31667,31.13333,Africa/Mbabane,76218,934985,city,"Mbabane, Eswatini"
city_sz_malkerns,Malkerns,Eswatini,SZ,-26.52872,31.19193,Africa/Mbabane,9724,935005,city,"Malkerns, Eswatini"
city_tc_providenciales,Providenciales,Turks and Caicos Islands,TC,21.78254,-72.25206,America/Grand_Turk,23769,11703857,city,"Providenciales, Turks and Caicos Islands"
city_tc_cockburn_town,Cockburn Town,Turks and Caicos Islands,TC,21.46122,-71.14188,America/Grand_Turk,3720,3576994,city,"Cockburn Town, Turks and Caicos Islands"
city_tc_five_cays_settlement,Five Cays Settlement,Turks and Caicos Islands,TC,21.75711,-72.26772,America/Grand_Turk,3592,3577004,city,"Five Cays Settlement, Turks and Caicos Islands"
city_td_n_djamena,N'Djamena,Chad,TD,12.10672,15.04440,Africa/Ndjamena,1359526,2427123,city,"N'Djamena, Chad"
city_td_moundou,Moundou,Chad,TD,8.57437,16.07722,Africa/Ndjamena,196124,2427455,city,"Moundou, Chad"
city_td_ab_ch,Abéché,Chad,TD,13.82916,20.83240,Africa/Ndjamena,139983,245785,city,"Abéché, Chad"
city_tf_port_aux_fran_ais,Port-aux-Français,French Southern Territories,TF,-49.34916,70.21937,Indian/Kerguelen,45,1546102,city,"Port-aux-Français, French Southern Territories"
city_tg_lom,Lomé,Togo,TG,6.12874,1.22154,Africa/Lome,2188376,2365267,city,"Lomé, Togo"
city_tg_sokod,Sokodé,Togo,TG,8.98333,1.13333,Africa/Lome,117811,2364104,city,"Sokodé, Togo"
city_tg_kara,Kara,Togo,TG,9.55111,1.18611,Africa/Lome,104207,2366152,city,"Kara, Togo"
city_th_bangkok,Bangkok,Thailand,TH,13.75398,100.50144,Asia/Bangkok,5104476,1609350,city,"Bangkok, Thailand"
city_th_samut_prakan,Samut Prakan,Thailand,TH,13.59760,100.59720,Asia/Bangkok,388920,1606590,city,"Samut Prakan, Thailand"
city_th_mueang_nonthaburi,Mueang Nonthaburi,Thailand,TH,13.86075,100.51477,Asia/Bangkok,254375,1608133,city,"Mueang Nonthaburi, Thailand"
city_tj_dushanbe,Dushanbe,Tajikistan,TJ,38.53575,68.77905,Asia/Dushanbe,679400,1221874,city,"Dushanbe, Tajikistan"
city_tj_isfara,Isfara,Tajikistan,TJ,40.12649,70.62526,Asia/Dushanbe,274000,1514896,city,"Isfara, Tajikistan"
city_tj_istaravshan,Istaravshan,Tajikistan,TJ,39.91420,69.00328,Asia/Dushanbe,273500,1220253,city,"Istaravshan, Tajikistan"
city_tk_nukunonu,Nukunonu,Tokelau,TK,-9.20045,-171.84804,Pacific/Fakaofo,531,7522181,city,"Nukunonu, Tokelau"
city_tk_atafu_village,Atafu Village,Tokelau,TK,-8.54212,-172.51591,Pacific/Fakaofo,524,7522183,city,"Atafu Village, Tokelau"
city_tk_fale_old_settlement,Fale old settlement,Tokelau,TK,-9.38516,-171.24675,Pacific/Fakaofo,120,4031110,city,"Fale old settlement, Tokelau"
city_tl_dili,Dili,Timor Leste,TL,-8.55861,125.57361,Asia/Dili,150000,1645457,city,"Dili, Timor Leste"
city_tl_maliana,Maliana,Timor Leste,TL,-8.99167,125.21972,Asia/Dili,22000,1636670,city,"Maliana, Timor Leste"
city_tl_suai,Suai,Timor Leste,TL,-9.31286,125.25648,Asia/Dili,21539,1626459,city,"Suai, Timor Leste"
city_tm_ashgabat,Ashgabat,Turkmenistan,TM,37.95000,58.38333,Asia/Ashgabat,727700,162183,city,"Ashgabat, Turkmenistan"
city_tm_t_rkmenabat,Türkmenabat,Turkmenistan,TM,39.07328,63.57861,Asia/Ashgabat,234817,1219649,city,"Türkmenabat, Turkmenistan"
city_tm_da_oguz,Daşoguz,Turkmenistan,TM,41.83625,59.96661,Asia/Ashgabat,166500,601734,city,"Daşoguz, Turkmenistan"
city_tn_tunis,Tunis,Tunisia,TN,36.81897,10.16579,Africa/Tunis,693210,2464470,city,"Tunis, Tunisia"
city_tn_sfax,Sfax,Tunisia,TN,34.74056,10.76028,Africa/Tunis,280566,2467454,city,"Sfax, Tunisia"
city_tn_sousse,Sousse,Tunisia,TN,35.82539,10.63699,Africa/Tunis,221715,2464915,city,"Sousse, Tunisia"
city_to_nuku_alofa,Nuku‘alofa,Tonga,TO,-21.13683,-175.20114,Pacific/Tongatapu,22400,4032402,city,"Nuku‘alofa, Tonga"
city_to_mu_a,Mu‘a,Tonga,TO,-21.18195,-175.11832,Pacific/Tongatapu,3900,4032443,city,"Mu‘a, Tonga"
city_to_neiafu,Neiafu,Tonga,TO,-18.65144,-173.98354,Pacific/Tongatapu,3825,4032420,city,"Neiafu, Tonga"
city_tr_istanbul,Istanbul,Turkey,TR,41.01384,28.94966,Europe/Istanbul,15701602,745044,city,"Istanbul, Turkey"
city_tr_ankara,Ankara,Turkey,TR,39.91987,32.85427,Europe/Istanbul,3517182,323786,city,"Ankara, Turkey"
city_tr_bursa,Bursa,Turkey,TR,40.19559,29.06013,Europe/Istanbul,3101833,750269,city,"Bursa, Turkey"
city_tr_i_zmir,İzmir,Turkey,TR,38.41273,27.13838,Europe/Istanbul,2938292,311046,city,"İzmir, Turkey"
city_tr_gaziantep,Gaziantep,Turkey,TR,37.05944,37.38250,Europe/Istanbul,2130432,314830,city,"Gaziantep, Turkey"
city_tt_chaguanas,Chaguanas,Trinidad and Tobago,TT,10.51667,-61.41667,America/Port_of_Spain,67433,3574810,city,"Chaguanas, Trinidad and Tobago"
city_tt_mon_repos,Mon Repos,Trinidad and Tobago,TT,10.27979,-61.44590,America/Port_of_Spain,56380,3574116,city,"Mon Repos, Trinidad and Tobago"
city_tt_san_fernando,San Fernando,Trinidad and Tobago,TT,10.27969,-61.46835,America/Port_of_Spain,55419,3573738,city,"San Fernando, Trinidad and Tobago"
city_tt_port_of_spain,Port of Spain,Trinidad and Tobago,TT,10.66668,-61.51889,America/Port_of_Spain,49031,3573890,city,"Port of Spain, Trinidad and Tobago"
city_tv_funafuti,Funafuti,Tuvalu,TV,-8.52425,179.19417,Pacific/Funafuti,6320,2110394,city,"Funafuti, Tuvalu"
city_tv_senala_village,Senala Village,Tuvalu,TV,-8.51740,179.19829,Pacific/Funafuti,1122,7602507,city,"Senala Village, Tuvalu"
city_tv_alapi_village,Alapi Village,Tuvalu,TV,-8.52074,179.19680,Pacific/Funafuti,1024,7602506,city,"Alapi Village, Tuvalu"
city_tw_taipei,Taipei,Taiwan,TW,25.05306,121.52639,Asia/Taipei,7871900,1668341,city,"Taipei, Taiwan"
city_tw_new_taipei_city,New Taipei City,Taiwan,TW,25.06199,121.45703,Asia/Taipei,4004367,12908892,city,"New Taipei City, Taiwan"
city_tw_taichung,Taichung,Taiwan,TW,24.14690,120.68390,Asia/Taipei,2850285,1668399,city,"Taichung, Taiwan"
city_tw_kaohsiung,Kaohsiung,Taiwan,TW,22.61626,120.31333,Asia/Taipei,2737660,1673820,city,"Kaohsiung, Taiwan"
city_tz_dar_es_salaam,Dar es Salaam,Tanzania,TZ,-6.82349,39.26951,Africa/Dar_es_Salaam,5383728,160263,city,"Dar es Salaam, Tanzania"
city_tz_mwanza,Mwanza,Tanzania,TZ,-2.51667,32.90000,Africa/Dar_es_Salaam,1104521,152224,city,"Mwanza, Tanzania"
city_tz_dodoma,Dodoma,Tanzania,TZ,-6.17221,35.73947,Africa/Dar_es_Salaam,765179,160196,city,"Dodoma, Tanzania"
city_ua_kyiv,Kyiv,Ukraine,UA,50.45466,30.52380,Europe/Kyiv,2797553,703448,city,"Kyiv, Ukraine"
city_ua_kharkiv,Kharkiv,Ukraine,UA,49.98177,36.25475,Europe/Kyiv,1433886,706483,city,"Kharkiv, Ukraine"
city_ua_odesa,Odesa,Ukraine,UA,46.48572,30.74383,Europe/Kyiv,1015826,698740,city,"Odesa, Ukraine"
city_ug_kampala,Kampala,Uganda,UG,0.31628,32.58219,Africa/Kampala,1680600,232422,city,"Kampala, Uganda"
city_ug_nansana,Nansana,Uganda,UG,0.36389,32.52861,Africa/Kampala,532800,10943053,city,"Nansana, Uganda"
city_ug_kira,Kira,Uganda,UG,0.40000,32.63333,Africa/Kampala,462900,231165,city,"Kira, Uganda"
city_us_new_york_city,New York City,United States,US,40.71427,-74.00597,America/New_York,8804190,5128581,city,"New York City, United States"
city_us_los_angeles,Los Angeles,United States,US,34.05223,-118.24368,America/Los_Angeles,3820914,5368361,city,"Los Angeles, United States"
city_us_brooklyn,Brooklyn,United States,US,40.65010,-73.94958,America/New_York,2736074,5110302,city,"Brooklyn, United States"
city_us_chicago,Chicago,United States,US,41.85003,-87.65005,America/Chicago,2664452,4887398,city,"Chicago, United States"
city_us_queens,Queens,United States,US,40.68149,-73.83652,America/New_York,2316841,5133273,city,"Queens, United States"
city_us_houston,Houston,United States,US,29.76328,-95.36327,America/Chicago,2314157,4699066,city,"Houston, United States"
city_us_washington,Washington,United States,US,38.89511,-77.03637,America/New_York,689545,4140963,city,"Washington, United States"
city_uy_montevideo,Montevideo,Uruguay,UY,-34.90328,-56.18816,America/Montevideo,1270737,3441575,city,"Montevideo, Uruguay"
city_uy_salto,Salto,Uruguay,UY,-31.38811,-57.95983,America/Montevideo,99823,3440714,city,"Salto, Uruguay"
city_uy_paysand,Paysandú,Uruguay,UY,-32.31710,-58.08072,America/Montevideo,73249,3441243,city,"Paysandú, Uruguay"
city_uz_tashkent,Tashkent,Uzbekistan,UZ,41.26465,69.21627,Asia/Tashkent,1978028,1512569,city,"Tashkent, Uzbekistan"
city_uz_andijon,Andijon,Uzbekistan,UZ,40.78338,72.35067,Asia/Tashkent,747800,1514588,city,"Andijon, Uzbekistan"
city_uz_namangan,Namangan,Uzbekistan,UZ,40.99830,71.67257,Asia/Tashkent,713220,1513157,city,"Namangan, Uzbekistan"
city_va_vatican_city,Vatican City,Vatican,VA,41.90268,12.45414,Europe/Vatican,829,6691831,city,"Vatican City, Vatican"
city_vc_kingstown,Kingstown,Saint Vincent and the Grenadines,VC,13.15527,-61.22742,America/St_Vincent,24518,3577887,city,"Kingstown, Saint Vincent and the Grenadines"
city_vc_calliaqua,Calliaqua,Saint Vincent and the Grenadines,VC,13.12867,-61.19178,America/St_Vincent,24205,3748746,city,"Calliaqua, Saint Vincent and the Grenadines"
city_vc_diamond,Diamond,Saint Vincent and the Grenadines,VC,13.14077,-61.16803,America/St_Vincent,1971,13526719,city,"Diamond, Saint Vincent and the Grenadines"
city_ve_caracas,Caracas,Venezuela,VE,10.48801,-66.87919,America/Caracas,3000000,3646738,city,"Caracas, Venezuela"
city_ve_maracaibo,Maracaibo,Venezuela,VE,10.64232,-71.61089,America/Caracas,1752602,3633009,city,"Maracaibo, Venezuela"
city_ve_valencia,Valencia,Venezuela,VE,10.16153,-68.00044,America/Caracas,1619470,3625549,city,"Valencia, Venezuela"
city_vg_road_town,Road Town,British Virgin Islands,VG,18.42693,-64.62079,America/Tortola,8449,3577430,city,"Road Town, British Virgin Islands"
city_vi_saint_croix,Saint Croix,U.S. Virgin Islands,VI,17.72751,-64.74698,America/St_Thomas,50601,4796512,city,"Saint Croix, U.S. Virgin Islands"
city_vi_charlotte_amalie,Charlotte Amalie,U.S. Virgin Islands,VI,18.34190,-64.93070,America/St_Thomas,20000,4795467,city,"Charlotte Amalie, U.S. Virgin Islands"
city_vi_tutu,Tutu,U.S. Virgin Islands,VI,18.33884,-64.88653,America/St_Thomas,5519,4796736,city,"Tutu, U.S. Virgin Islands"
city_vn_ho_chi_minh_city,Ho Chi Minh City,Vietnam,VN,10.82302,106.62965,Asia/Ho_Chi_Minh,14002598,1566083,city,"Ho Chi Minh City, Vietnam"
city_vn_hanoi,Hanoi,Vietnam,VN,21.02450,105.84117,Asia/Bangkok,8053663,1581130,city,"Hanoi, Vietnam"
city_vn_haiphong,Haiphong,Vietnam,VN,20.86481,106.68345,Asia/Bangkok,2625200,1581298,city,"Haiphong, Vietnam"
city_vu_port_vila,Port-Vila,Vanuatu,VU,-17.73648,168.31366,Pacific/Efate,35901,2135171,city,"Port-Vila, Vanuatu"
city_vu_luganville,Luganville,Vanuatu,VU,-15.51989,167.16235,Pacific/Efate,13397,2136150,city,"Luganville, Vanuatu"
city_vu_norsup,Norsup,Vanuatu,VU,-16.06536,167.39714,Pacific/Efate,2998,2135517,city,"Norsup, Vanuatu"
city_wf_mua,Mua,Wallis and Futuna,WF,-13.34169,-176.18701,Pacific/Wallis,2976,4034816,city,"Mua, Wallis and Futuna"
city_wf_mata_utu,Mata-Utu,Wallis and Futuna,WF,-13.28163,-176.17453,Pacific/Wallis,1200,4034821,city,"Mata-Utu, Wallis and Futuna"
city_wf_alele,Alele,Wallis and Futuna,WF,-13.24667,-176.18341,Pacific/Wallis,629,4034886,city,"Alele, Wallis and Futuna"
city_ws_apia,Apia,Samoa,WS,-13.83333,-171.76666,Pacific/Apia,40407,4035413,city,"Apia, Samoa"
city_ws_asau,Asau,Samoa,WS,-13.51963,-172.63784,Pacific/Apia,6643,7106456,city,"Asau, Samoa"
city_ws_mulifanua,Mulifanua,Samoa,WS,-13.83183,-172.03602,Pacific/Apia,4508,4035196,city,"Mulifanua, Samoa"
city_xk_pristina,Pristina,Kosovo,XK,42.67272,21.16688,Europe/Belgrade,550000,786714,city,"Pristina, Kosovo"
city_xk_prizren,Prizren,Kosovo,XK,42.21389,20.73972,Europe/Belgrade,171464,786712,city,"Prizren, Kosovo"
city_xk_mitrovic,Mitrovicë,Kosovo,XK,42.88333,20.86667,Europe/Belgrade,107045,789225,city,"Mitrovicë, Kosovo"
city_ye_sanaa,Sanaa,Yemen,YE,15.35452,44.20646,Asia/Aden,1937451,71137,city,"Sanaa, Yemen"
city_ye_aden,Aden,Yemen,YE,12.77957,45.03852,Asia/Aden,1079670,415189,city,"Aden, Yemen"
city_ye_taiz,Taiz,Yemen,YE,13.57952,44.02091,Asia/Aden,940600,70225,city,"Taiz, Yemen"
city_yt_mamoudzou,Mamoudzou,Mayotte,YT,-12.78234,45.22878,Indian/Mayotte,54831,921815,city,"Mamoudzou, Mayotte"
city_yt_koungou,Koungou,Mayotte,YT,-12.73361,45.20417,Indian/Mayotte,18118,1090225,city,"Koungou, Mayotte"
city_yt_labattoir,Labattoir,Mayotte,YT,-12.77698,45.28234,Indian/Mayotte,17739,1090275,city,"Labattoir, Mayotte"
city_za_johannesburg,Johannesburg,South Africa,ZA,-26.20227,28.04363,Africa/Johannesburg,9418183,993800,city,"Johannesburg, South Africa"
city_za_cape_town,Cape Town,South Africa,ZA,-33.92584,18.42322,Africa/Johannesburg,4772846,3369157,city,"Cape Town, South Africa"
city_za_durban,Durban,South Africa,ZA,-29.85790,31.02920,Africa/Johannesburg,3338026,1007311,city,"Durban, South Africa"
city_za_pretoria,Pretoria,South Africa,ZA,-25.74486,28.18783,Africa/Johannesburg,2112693,964137,city,"Pretoria, South Africa"
city_zm_lusaka,Lusaka,Zambia,ZM,-15.40669,28.28713,Africa/Lusaka,2212301,909137,city,"Lusaka, Zambia"
city_zm_kitwe,Kitwe,Zambia,ZM,-12.80243,28.21323,Africa/Lusaka,665961,911148,city,"Kitwe, Zambia"
city_zm_ndola,Ndola,Zambia,ZM,-12.95867,28.63659,Africa/Lusaka,627503,901344,city,"Ndola, Zambia"
city_zw_harare,Harare,Zimbabwe,ZW,-17.82772,31.05337,Africa/Harare,1542813,890299,city,"Harare, Zimbabwe"
city_zw_bulawayo,Bulawayo,Zimbabwe,ZW,-20.15000,28.58333,Africa/Harare,665952,894701,city,"Bulawayo, Zimbabwe"
city_zw_chitungwiza,Chitungwiza,Zimbabwe,ZW,-18.01274,31.07555,Africa/Harare,371246,1106542,city,"Chitungwiza, Zimbabwe"
